Workbook

Sheet center-April
A1: Milk Chilling Centre(Ghado) - Monthly Cow Milk Procurement Report 01-04-2024 TO30-04.2024
A2: SR. NO. | B2: Farmer Code | C2: Farmer Name | D2: Total Quantity Supplied(Lits) | E2: Cow Milk Price/Lit(OMR) | F2: Total Value Milk (OMR) | G2: Paid | H2: Balance | I2: ID No: | J2: Account No | K2: Bank Name | L2: IFSC Code | M2: Phone No: | N2: Remark | P2: Farmer Code | R2: Farmer Name | T2: ID No: | V2: Account No | X2: IFSC Code
A4: 25 | B4: 1362 | C4: Ali Masoud Salem Baitsaid | D4: 2336 | E4: 0.25 | F4: =SUM(D4*E4) -> 584 | G4: =582+2 -> 584 | H4: =F4-G4 -> 0 | I4: 2429041 | J4: 0397003875270017 | K4: BANK MUSCAT | L4: BMUSOMRX | M4: 93663694 | N4: 12-08-2024-feeds | O4: 45691 | P4: 1362 | Q4: =P4=B4 -> TRUE | R4: Ali Masoud Salem Baitsaid | S4: =R4=C4 -> TRUE | T4: 2429041 | U4: =T4=I4 -> TRUE | V4: 0397003875270017 | W4: =V4=J4 -> TRUE | X4: BMUSOMRX | Y4: =X4=L4 -> TRUE
A5: 29 | B5: 1370 | C5: Mohammed Ali Nassib Kikab Al Shahri | D5: 1635.9 | E5: 0.25 | F5: =SUM(D5*E5) -> 408.975 | G5: =408.85+0.125 -> 408.975 | H5: =F5-G5 -> 0 | I5: 14431965 | J5: 0439003719840022 | K5: BANK MUSCAT | L5: BMUSOMRX | M5: 99693775 | N5: 13-08-24-feeds | P5: 1370 | Q5: =P5=B5 -> TRUE | R5: Mohammed Ali Nassib Kikab Al Shahri | S5: =R5=C5 -> TRUE | T5: 14431965 | U5: =T5=I5 -> TRUE | V5: 0439003719840022 | W5: =V5=J5 -> TRUE | X5: BMUSOMRX | Y5: =X5=L5 -> TRUE
D6: =SUM(D4:D5) -> 3971.9 | F6: =SUM(F4:F5) -> 992.975 | G6: =SUM(G4:G5) -> 992.975 | H6: =SUM(H4:H5) -> 0
V12: Said Al Bahanata
V13: DGM

Sheet 05-24
A1: Milk Chilling Centre(Ghado) - Monthly Cow Milk Procurement Report 01-05-2024 TO31-05.2024
A2: SR. NO. | B2: Farmer Code | C2: Farmer Name | D2: Total Quantity Supplied(Lits) | E2: Cow Milk Price/Lit(OMR) | F2: Total Value Milk (OMR) | G2: Paid | H2: Balance | I2: ID No: | J2: Remark
A4: 5 | B4: 1086 | C4: Muslim Ali Said Hat AlShehri | D4: 1033.8 | E4: 0.25 | F4: =SUM(D4*E4) -> 258.45 | G4: =257.825+0.625 -> 258.45 | H4: =F4-G4 -> 0 | I4: 2379573 | J4: 16-09-2024 | K4: 45607
A5: 18 | B5: 1343 | C5: Masoud Mahad Masoud Baitsaid | D5: 923.8 | E5: 0.25 | F5: =SUM(D5*E5) -> 230.95 | G5: =227.15+3.8 -> 230.95 | H5: =F5-G5 -> 0 | I5: 5160297 | J5: 45540 | K5: 45657
D6: =SUM(D4:D5) -> 1957.6 | F6: =SUM(F4:F5) -> 489.4 | G6: =SUM(G4:G5) -> 489.4 | H6: =SUM(H4:H5) -> 0
F8: ='[1]Feeds Issued'!G19 -> 4160.15
F9: ='[1]Final Payment -Bank'!F32 -> 13280.2
F10: =SUM(F8:F9) -> 17440.35
F11: =F10+'[1]Decimals '!H9 -> 17451.375

Sheet center-June
A1: Milk Chilling Centre(Ghado) - Monthly Cow Milk Procurement Report 01-06-2024 TO 30-06.2024
A2: SR. NO. | B2: Farmer Code | C2: Farmer Name | D2: Total Quantity Supplied(Lits) | E2: Cow Milk Price/Lit(OMR) | F2: Total Value Milk (OMR) | I2: ID No: | J2: Remark
A4: 1 | B4: 1071 | C4: ALI MUSTAHIL MUBARAK ASAT AL SHIHRI | D4: 561.8 | E4: 0.25 | F4: =SUM(D4*E4) -> 140.45 | G4: =137.525+2.925 -> 140.45 | H4: =F4-G4 -> 0 | I4: 390741 | J4: 18-09-2024 | K4: 45602
A5: 2 | B5: 1123 | C5: Hamid Mohammed Zidi Bait said | D5: 1105.5 | E5: 0.25 | F5: =SUM(D5*E5) -> 276.375 | G5: =F5 -> 276.375 | H5: =F5-G5 -> 0 | I5: 655141 | J5: 45391 | K5: 4.675 DCF
A6: 3 | B6: 1308 | C6: Ahmed Said Mohammed Alash AlKathiri | D6: 569.9 | E6: 0.25 | F6: =SUM(D6*E6) -> 142.475 | G6: =141.025+1.45 -> 142.475 | H6: =F6-G6 -> 0 | I6: 6225641 | J6: 45567
A7: 4 | B7: 1340 | C7: Ahmed Suhail Ahmed Alash AlKathiri | D7: 1093.4 | E7: 0.25 | F7: =SUM(D7*E7) -> 273.35 | G7: =271.575+1.775 -> 273.35 | H7: =F7-G7 -> 0 | I7: 7279274 | J7: 23-09-2024 | K7: 45607
A8: 5 | B8: 1349 | C8: Muslim Suhail Salem Baitsaid | D8: 1980.8 | E8: 0.25 | F8: =SUM(D8*E8) -> 495.2 | G8: =492.8+2.4 -> 495.2 | H8: =F8-G8 -> 0 | I8: 7128679 | J8: 16-09-2024
A9: 6 | B9: 1366 | C9: Ahmed Salem Ali Kikab AlShehri | D9: 2156 | E9: 0.25 | F9: =SUM(D9*E9) -> 539 | G9: =535.375+3.625 -> 539 | H9: =F9-G9 -> 0 | I9: 8318385 | J9: 16-09-2024 | K9: 45644
A10: 7 | B10: 1371 | C10: Said Muhaisin Nassib Kikab AlShehri | D10: 1623.9 | E10: 0.25 | F10: =SUM(D10*E10) -> 405.975 | G10: =404.625+1.35 -> 405.975 | H10: =F10-G10 -> 0 | I10: 990755 | J10: 30-09-2024 | K10: 45677
A11: 8 | B11: 1378 | C11: Salem Ali Said Kikab AlShehri | D11: 1877.4 | E11: 0.25 | F11: =SUM(D11*E11) -> 469.35 | G11: =466.225+3.125 -> 469.35 | H11: =F11-G11 -> 0 | I11: 5996404 | J11: 30-09-2024 | K11: 45658
A12: 9 | B12: 1381 | C12: Abdellah Masoud Said Al Shihri | D12: 1098.3 | E12: 0.25 | F12: =SUM(D12*E12) -> 274.575 | G12: =274.3+0.275 -> 274.575 | H12: =F12-G12 -> 0 | I12: 19847623 | J12: 45581 | K12: 45600
A13: 10 | B13: 1390 | C13: Said Ahmed Said kikab Al shahri | D13: 550.9 | E13: 0.25 | F13: =SUM(D13*E13) -> 137.725 | G13: =137.6+0.125 -> 137.725 | H13: =F13-G13 -> 0 | I13: 13826903 | J13: 23-09-2024 | K13: 45637
A14: 11 | B14: 1393 | C14: Said Ali Ahmed Amor Jid | D14: 559 | E14: 0.25 | F14: =SUM(D14*E14) -> 139.75 | G14: =136.2+3.55 -> 139.75 | H14: =F14-G14 -> 0 | I14: 1650389 | J14: 16-09-2024 | K14: 45601
D15: =SUM(D4:D14) -> 13176.9 | F15: =SUM(F4:F14) -> 3294.225 | G15: =SUM(G4:G14) -> 3294.225 | H15: =SUM(H4:H14) -> 0
F19: =F12-274.3 -> 0.275

Sheet center-July
A1: Milk Chilling Centre(Ghado) - Monthly Cow Milk Procurement Report 01-07-2024 TO 31-07.2024
A2: SR. NO. | B2: Farmer Code | C2: Farmer Name | D2: Total Quantity Supplied(Lits) | E2: Cow Milk Price/Lit(OMR) | F2: Total Value Milk (OMR) | G2: Paid | H2: Balance | I2: ID No: | J2: Remark
A4: 1 | B4: 1010 | C4: Ahmed Ajham Omar Aghrib AlShehri | D4: 1922.8 | E4: 0.25 | F4: =SUM(D4*E4) -> 480.7 | G4: =F4 -> 480.7 | H4: =F4-G4 -> 0 | I4: 315313
A5: 2 | B5: 1038 | C5: Salem Ahmed Said Majdah AlKathiri | D5: 2056.8 | E5: 0.25 | F5: =SUM(D5*E5) -> 514.2 | G5: =F5 -> 514.2 | H5: =F5-G5 -> 0 | I5: 5247837
A6: 3 | B6: 1065 | C6: Ali Muhaisin Mohammed Humdi Al Saiari | D6: 638.3 | E6: 0.25 | F6: =SUM(D6*E6) -> 159.575 | G6: =F6 -> 159.575 | H6: =F6-G6 -> 0 | I6: 1276058
A7: 4 | B7: 1071 | C7: ALI MUSTAHIL MUBARAK ASAT AL SHIHRI | D7: 665 | E7: 0.25 | F7: =SUM(D7*E7) -> 166.25 | G7: =F7 -> 166.25 | H7: =F7-G7 -> 0 | I7: 390741 | J7: 45602
A8: 5 | B8: 1086 | C8: Muslim Ali Said Hat AlShehri | D8: 1286 | E8: 0.25 | F8: =SUM(D8*E8) -> 321.5 | G8: =317.325+4.175 -> 321.5 | H8: =F8-G8 -> 0 | I8: 2379573 | J8: 45607 | K8: 45628
A9: 6 | B9: 1123 | C9: Hamid Mohammed Zidi Bait said | D9: 1340.2 | E9: 0.25 | F9: =SUM(D9*E9) -> 335.05 | G9: =F9 -> 335.05 | H9: =F9-G9 -> 0 | I9: 655141 | J9: DCF FEED
A10: 7 | B10: 1130 | C10: Hassan said jman alhalai | D10: 1286.2 | E10: 0.25 | F10: =SUM(D10*E10) -> 321.55 | G10: =F10 -> 321.55 | H10: =F10-G10 -> 0 | I10: 5485645
A11: 8 | B11: 1152 | C11: Mohammed Rajab Ali Al Mashikhi | D11: 1833.4 | E11: 0.25 | F11: =SUM(D11*E11) -> 458.35 | G11: =F11 -> 458.35 | H11: =F11-G11 -> 0 | I11: 5254327
A12: 9 | B12: 1200 | C12: Muslim Ahmed Muslim AlKathiri | D12: 319 | E12: 0.25 | F12: =SUM(D12*E12) -> 79.75 | G12: =F12 -> 79.75 | H12: =F12-G12 -> 0 | I12: 7287174
A13: 10 | B13: 1276 | C13: Masoud Salim Said Baitsaid | D13: 649.5 | E13: 0.25 | F13: =SUM(D13*E13) -> 162.375 | G13: =F13 -> 162.375 | H13: =F13-G13 -> 0 | I13: 334495
A14: 11 | B14: 1281 | C14: Salem Ali Masoud Baitsaid | D14: 1856.5 | E14: 0.25 | F14: =SUM(D14*E14) -> 464.125 | G14: =F14 -> 464.125 | H14: =F14-G14 -> 0 | I14: 6310986
A15: 12 | B15: 1308 | C15: Ahmed Said Mohammed Alash AlKathiri | D15: 654 | E15: 0.25 | F15: =SUM(D15*E15) -> 163.5 | G15: =F15 -> 163.5 | H15: =F15-G15 -> 0 | I15: 6225641
A16: 13 | B16: 1337 | C16: Amer Bakhit Sohil Baitsaid | D16: 469.3 | E16: 0.25 | F16: =SUM(D16*E16) -> 117.325 | G16: =114.875+2.45 -> 117.325 | H16: =F16-G16 -> 0 | I16: 6719626 | J16: 45580 | K16: 45601
A17: 14 | B17: 1339 | C17: Said Ahmed Ali Baitsaid | D17: 5181.8 | E17: 0.25 | F17: =SUM(D17*E17) -> 1295.45 | G17: =F17 -> 1295.45 | H17: =F17-G17 -> 0 | I17: 3090574
A18: 15 | B18: 1340 | C18: Ahmed Suhail Ahmed Alash AlKathiri | D18: 994.2 | E18: 0.25 | F18: =SUM(D18*E18) -> 248.55 | G18: =248.475+0.075 -> 248.55 | H18: =F18-G18 -> 0 | I18: 7279274 | J18: 45607 | K18: 45628
A19: 16 | B19: 1341 | C19: Mahad Suhail Mahad Baitsaid | D19: 1403.6 | E19: 0.25 | F19: =SUM(D19*E19) -> 350.9 | G19: =F19 -> 350.9 | H19: =F19-G19 -> 0 | I19: 15977579
A20: 17 | B20: 1342 | C20: Mohammed Ali Said Al Nubi Al Kathiri | D20: 176.3 | E20: 0.25 | F20: =SUM(D20*E20) -> 44.075 | G20: =40.875+3.2 -> 44.075 | H20: =F20-G20 -> 0 | I20: 13950469 | J20: 45567 | K20: 45628
A21: 18 | B21: 1343 | C21: Masoud Mahad Masoud Baitsaid | D21: 1138.3 | E21: 0.25 | F21: =SUM(D21*E21) -> 284.575 | G21: =F21 -> 284.575 | H21: =F21-G21 -> 0 | I21: 5160297
A22: 19 | B22: 1345 | C22: Salim Said Ali Bait said | D22: 6189 | E22: 0.25 | F22: =SUM(D22*E22) -> 1547.25 | G22: =F22 -> 1547.25 | H22: =F22-G22 -> 0 | I22: 10578952
A23: 20 | B23: 1349 | C23: Muslim Suhail Salem Baitsaid | D23: 1940.4 | E23: 0.25 | F23: =SUM(D23*E23) -> 485.1 | G23: =F23 -> 485.1 | H23: =F23-G23 -> 0 | I23: 7128679
A24: 21 | B24: 1350 | C24: Ahmed Salem Zayed Baitsaid | D24: 4342.7 | E24: 0.25 | F24: =SUM(D24*E24) -> 1085.675 | G24: =F24 -> 1085.675 | H24: =F24-G24 -> 0 | I24: 6752017
A25: 22 | B25: 1353 | C25: Salem Amer Said Baitsaid | D25: 5938.8 | E25: 0.25 | F25: =SUM(D25*E25) -> 1484.7 | G25: 1484.7 | H25: =F25-G25 -> 0 | I25: 5217694 | J25: Paid 16-10-2024
A26: 23 | B26: 1355 | C26: Ahmed Zaidi Mahroos Baitsaid | D26: 2262.3 | E26: 0.25 | F26: =SUM(D26*E26) -> 565.575 | G26: =F26 -> 565.575 | H26: =F26-G26 -> 0 | I26: 585058
A27: 24 | B27: 1356 | C27: Said Salem Said Asout AlShehri | D27: 1315.9 | E27: 0.25 | F27: =SUM(D27*E27) -> 328.975 | G27: =F27 -> 328.975 | H27: =F27-G27 -> 0 | I27: 7494112 | J27: BT 10-12-2024
A28: 25 | B28: 1362 | C28: Ali Masoud Salem Baitsaid | D28: 1956.6 | E28: 0.25 | F28: =SUM(D28*E28) -> 489.15 | G28: =F28 -> 489.15 | H28: =F28-G28 -> 0 | I28: 2429041
A29: 26 | B29: 1363 | C29: Suhail Ali Said AlKathiri | D29: 1913.4 | E29: 0.25 | F29: =SUM(D29*E29) -> 478.35 | G29: =F29 -> 478.35 | H29: =F29-G29 -> 0 | I29: 322352
A30: 27 | B30: 1364 | C30: Omar Bakhit Ahmed Al Hilali | D30: 586.1 | E30: 0.25 | F30: =SUM(D30*E30) -> 146.525 | G30: =145.6+0.925 -> 146.525 | H30: =F30-G30 -> 0 | I30: 7113811 | J30: 45567 | K30: 45607
A31: 28 | B31: 1366 | C31: Ahmed Salem Ali Kikab AlShehri | D31: 2488.8 | E31: 0.25 | F31: =SUM(D31*E31) -> 622.2 | G31: =F31 -> 622.2 | H31: =F31-G31 -> 0 | I31: 8318385
A32: 29 | B32: 1370 | C32: Mohammed Ali Nassib Kikab Al Shahri | D32: 1859.9 | E32: 0.25 | F32: =SUM(D32*E32) -> 464.975 | G32: =F32 -> 464.975 | H32: =F32-G32 -> 0 | I32: 14431965
A33: 30 | B33: 1371 | C33: Said Muhaisin Nassib Kikab AlShehri | D33: 1850.1 | E33: 0.25 | F33: =SUM(D33*E33) -> 462.525 | G33: =F33 -> 462.525 | H33: =F33-G33 -> 0 | I33: 990755
A34: 31 | B34: 1372 | C34: Ali Said Zaidi Baitsaid | D34: 1860 | E34: 0.25 | F34: =SUM(D34*E34) -> 465 | G34: =F34 -> 465 | H34: =F34-G34 -> 0 | I34: 628655
A35: 32 | B35: 1373 | C35: Salim Ahmed Tamman Baitsaid | D35: 644.4 | E35: 0.25 | F35: =SUM(D35*E35) -> 161.1 | G35: =F35 -> 161.1 | H35: =F35-G35 -> 0 | I35: 734281 | J35: 45301
A36: 33 | B36: 1375 | C36: Muslim Mohammed Hassan Alash AlKathiri | D36: 629.3 | E36: 0.25 | F36: =SUM(D36*E36) -> 157.325 | G36: =F36 -> 157.325 | H36: =F36-G36 -> 0 | I36: 6748627
A37: 34 | B37: 1377 | C37: Ali Masoud Awad Kikab AlShehri | D37: 672.1 | E37: 0.25 | F37: =SUM(D37*E37) -> 168.025 | G37: =F37 -> 168.025 | H37: =F37-G37 -> 0 | I37: 5160404
A38: 35 | B38: 1378 | C38: Salem Ali Said Kikab AlShehri | D38: 2268.5 | E38: 0.25 | F38: =SUM(D38*E38) -> 567.125 | G38: =F38 -> 567.125 | H38: =F38-G38 -> 0 | I38: 5996404
A39: 36 | B39: 1381 | C39: Abdellah Masoud Said Al Shihri | D39: 1157.5 | E39: 0.25 | F39: =SUM(D39*E39) -> 289.375 | G39: =287.525+1.85 -> 289.375 | H39: =F39-G39 -> 0 | I39: 19847623 | J39: 45600 | K39: 45621
A40: 37 | B40: 1390 | C40: Said Ahmed Said kikab Al shahri | D40: 600.1 | E40: 0.25 | F40: =SUM(D40*E40) -> 150.025 | G40: =F40 -> 150.025 | H40: =F40-G40 -> 0 | I40: 13826903 | J40: 45637
A41: 38 | B41: 1392 | C41: Ahmed Abdullah Ali Al Kathiri | D41: 1549.9 | E41: 0.25 | F41: =SUM(D41*E41) -> 387.475 | G41: =F41 -> 387.475 | H41: =F41-G41 -> 0 | I41: 1353348
A42: 39 | B42: 1393 | C42: Said Ali Ahmed Amor Jid | D42: 627.1 | E42: 0.25 | F42: =SUM(D42*E42) -> 156.775 | G42: =154.3+2.475 -> 156.775 | H42: =F42-G42 -> 0 | I42: 1650389 | J42: 45601 | K42: 2-012-24
A43: 40 | B43: 1500 | C43: Musallam Salim Ahmed Har Al Kathiri | D43: 13 | E43: 0.25 | F43: =SUM(D43*E43) -> 3.25 | G43: =F43 -> 3.25 | H43: =F43-G43 -> 0 | I43: 19567469
A44: 41 | B44: 1501 | C44: Said Mohamed Said Muslem Al Kathiri | D44: 365 | E44: 0.25 | F44: =SUM(D44*E44) -> 91.25 | G44: =90.025+1.225 -> 91.25 | H44: =F44-G44 -> 0 | I44: 25657583 | J44: 45332 | K44: 45658
A45: 42 | B45: 1503 | C45: SAID MOHAMMED SAID AL HILALI | D45: 655.8 | E45: 0.25 | F45: =SUM(D45*E45) -> 163.95 | G45: =F45 -> 163.95 | H45: =F45-G45 -> 0 | I45: 8930607 | J45: updated on 06-04-2024
A46: 43 | B46: 1504 | C46: SALIM ALI AHMED SHDAR ALKATHIRI | D46: 770 | E46: 0.25 | F46: =SUM(D46*E46) -> 192.5 | G46: =F46 -> 192.5 | H46: =F46-G46 -> 0 | I46: 381215 | J46: Bank Transfer-04-11-24
D47: =SUM(D4:D46) -> 68327.9 | F47: =SUM(F4:F46) -> 17081.975 | G47: =SUM(G4:G46) -> 17081.975 | H47: =SUM(H4:H46) -> 0

Sheet center-Aug
A1: Milk Chilling Centre(Ghado) - Monthly Cow Milk Procurement Report 01-08-2024 TO 31-08.2024
A2: SR. NO. | B2: Farmer Code | C2: Farmer Name | D2: Total Quantity Supplied(Lits) | E2: Cow Milk Price/Lit(OMR) | F2: Total Value Milk (OMR) | G2: Paid | H2: Balance | I2: ID No: | J2: Remark
A4: 1 | B4: 1010 | C4: Ahmed Ajham Omar Aghrib AlShehri | D4: 2046.9 | E4: 0.25 | F4: =SUM(D4*E4) -> 511.725 | G4: =F4 -> 511.725 | H4: =F4-G4 -> 0 | I4: 315313 | J4: Transfer9-1-25
A5: 2 | B5: 1038 | C5: Salem Ahmed Said Majdah AlKathiri | D5: 2016.8 | E5: 0.25 | F5: =SUM(D5*E5) -> 504.2 | G5: =F5 -> 504.2 | H5: =F5-G5 -> 0 | I5: 5247837
A6: 3 | B6: 1065 | C6: Ali Muhaisin Mohammed Humdi Al Saiari | D6: 642.3 | E6: 0.25 | F6: =SUM(D6*E6) -> 160.575 | G6: =F6 -> 160.575 | H6: =F6-G6 -> 0 | I6: 1276058
A7: 4 | B7: 1071 | C7: ALI MUSTAHIL MUBARAK ASAT AL SHIHRI | D7: 645.6 | E7: 0.25 | F7: =SUM(D7*E7) -> 161.4 | G7: =158.075+3.325 -> 161.4 | H7: =F7-G7 -> 0 | I7: 390741 | J7: 45602 | K7: 45621
A8: 5 | B8: 1086 | C8: Muslim Ali Said Hat AlShehri | D8: 1304.7 | E8: 0.25 | F8: =SUM(D8*E8) -> 326.175 | G8: =324.575+1.6 -> 326.175 | H8: =F8-G8 -> 0 | I8: 2379573 | J8: 45628 | K8: 45650
A9: 6 | B9: 1123 | C9: Hamid Mohammed Zidi Bait said | D9: 1320.6 | E9: 0.25 | F9: =SUM(D9*E9) -> 330.15 | G9: =F9 -> 330.15 | H9: =F9-G9 -> 0 | I9: 655141 | J9: DCF FEED
A10: 7 | B10: 1130 | C10: Hassan said jman alhalai | D10: 1149.2 | E10: 0.25 | F10: =SUM(D10*E10) -> 287.3 | G10: =F10 -> 287.3 | H10: =F10-G10 -> 0 | I10: 5485645 | J10: 45810
A11: 8 | B11: 1152 | C11: Mohammed Rajab Ali Al Mashikhi | D11: 1834.5 | E11: 0.25 | F11: =SUM(D11*E11) -> 458.625 | G11: =F11 -> 458.625 | H11: =F11-G11 -> 0 | I11: 5254327
A12: 9 | B12: 1200 | C12: Muslim Ahmed Muslim AlKathiri | D12: 209.3 | E12: 0.25 | F12: =SUM(D12*E12) -> 52.325 | G12: =50.05+2.275 -> 52.325 | H12: =F12-G12 -> 0 | I12: 7287174 | J12: 45644 | K12: 45656
A13: 10 | B13: 1276 | C13: Masoud Salim Said Baitsaid | D13: 640.7 | E13: 0.25 | F13: =SUM(D13*E13) -> 160.175 | G13: =F13 -> 160.175 | H13: =F13-G13 -> 0 | I13: 334495
A14: 11 | B14: 1281 | C14: Salem Ali Masoud Baitsaid | D14: 1854.8 | E14: 0.25 | F14: =SUM(D14*E14) -> 463.7 | G14: =F14 -> 463.7 | H14: =F14-G14 -> 0 | I14: 6310986
A15: 12 | B15: 1308 | C15: Ahmed Said Mohammed Alash AlKathiri | D15: 650.3 | E15: 0.25 | F15: =SUM(D15*E15) -> 162.575 | G15: =F15 -> 162.575 | H15: =F15-G15 -> 0 | I15: 6225641
A16: 13 | B16: 1337 | C16: Amer Bakhit Sohil Baitsaid | D16: 610.1 | E16: 0.25 | F16: =SUM(D16*E16) -> 152.525 | G16: =149.3+3.225 -> 152.525 | H16: =F16-G16 -> 0 | I16: 6719626 | J16: 45628 | K16: 45644
A17: 14 | B17: 1339 | C17: Said Ahmed Ali Baitsaid | D17: 3036.4 | E17: 0.25 | F17: =SUM(D17*E17) -> 759.1 | G17: =F17 -> 759.1 | H17: =F17-G17 -> 0 | I17: 3090574
A18: 15 | B18: 1340 | C18: Ahmed Suhail Ahmed Alash AlKathiri | D18: 631.2 | E18: 0.25 | F18: =SUM(D18*E18) -> 157.8 | G18: =F18 -> 157.8 | H18: =F18-G18 -> 0 | I18: 7279274 | J18: 45628
A19: 16 | B19: 1341 | C19: Mahad Suhail Mahad Baitsaid | D19: 1410.8 | E19: 0.25 | F19: =SUM(D19*E19) -> 352.7 | G19: =F19 -> 352.7 | H19: =F19-G19 -> 0 | I19: 15977579
A20: 17 | B20: 1343 | C20: Masoud Mahad Masoud Baitsaid | D20: 1177.4 | E20: 0.25 | F20: =SUM(D20*E20) -> 294.35 | G20: =1.7+188.7+103.95 -> 294.35 | H20: =F20-G20 -> 0 | I20: 5160297 | J20: 45644 | K20: 45650 | M20: cancelled PR-358 | O20: 45665
A21: 18 | B21: 1345 | C21: Salim Said Ali Bait said | D21: 6164.7 | E21: 0.25 | F21: =SUM(D21*E21) -> 1541.175 | G21: =F21 -> 1541.175 | H21: =F21-G21 -> 0 | I21: 10578952
A22: 19 | B22: 1349 | C22: Muslim Suhail Salem Baitsaid | D22: 1922.4 | E22: 0.25 | F22: =SUM(D22*E22) -> 480.6 | G22: =F22 -> 480.6 | H22: =F22-G22 -> 0 | I22: 7128679
A23: 20 | B23: 1350 | C23: Ahmed Salem Zayed Baitsaid | D23: 4420.9 | E23: 0.25 | F23: =SUM(D23*E23) -> 1105.225 | G23: =F23 -> 1105.225 | H23: =F23-G23 -> 0 | I23: 6752017
A24: 21 | B24: 1353 | C24: Salem Amer Said Baitsaid | D24: 6112.9 | E24: 0.25 | F24: =SUM(D24*E24) -> 1528.225 | G24: 1528.225 | H24: =F24-G24 -> 0 | I24: 5217694 | J24: BT 10-12-2024
A25: 22 | B25: 1355 | C25: Ahmed Zaidi Mahroos Baitsaid | D25: 2359.8 | E25: 0.25 | F25: =SUM(D25*E25) -> 589.95 | G25: =F25 -> 589.95 | H25: =F25-G25 -> 0 | I25: 585058 | J25: Transfer 8-1-2025
A26: 23 | B26: 1356 | C26: Said Salem Said Asout AlShehri | D26: 1311.8 | E26: 0.25 | F26: =SUM(D26*E26) -> 327.95 | G26: =F26 -> 327.95 | H26: =F26-G26 -> 0 | I26: 7494112 | J26: BT 10-12-2024
A27: 24 | B27: 1362 | C27: Ali Masoud Salem Baitsaid | D27: 2248.8 | E27: 0.25 | F27: =SUM(D27*E27) -> 562.2 | G27: =560.6+1.6 -> 562.2 | H27: =F27-G27 -> 0 | I27: 2429041 | J27: 45691 | K27: 13-2-25
A28: 25 | B28: 1363 | C28: Suhail Ali Said AlKathiri | D28: 1359.7 | E28: 0.25 | F28: =SUM(D28*E28) -> 339.925 | G28: =F28 -> 339.925 | H28: =F28-G28 -> 0 | I28: 322352
A29: 26 | B29: 1364 | C29: Omar Bakhit Ahmed Al Hilali | D29: 608.1 | E29: 0.25 | F29: =SUM(D29*E29) -> 152.025 | G29: =149.225+2.8 -> 152.025 | H29: =F29-G29 -> 0 | I29: 7113811 | J29: 45607 | K29: 45637
A30: 27 | B30: 1366 | C30: Ahmed Salem Ali Kikab AlShehri | D30: 2468.4 | E30: 0.25 | F30: =SUM(D30*E30) -> 617.1 | G30: =209.875+141+264.25+1.975 -> 617.1 | H30: =F30-G30 -> 0 | I30: 8318385 | J30: 45644 | K30: 45656 | L30: 45658 | M30: 45663
A31: 28 | B31: 1370 | C31: Mohammed Ali Nassib Kikab Al Shahri | D31: 1860 | E31: 0.25 | F31: =SUM(D31*E31) -> 465 | G31: =F31 -> 465 | H31: =F31-G31 -> 0 | I31: 14431965
A32: 29 | B32: 1371 | C32: Said Muhaisin Nassib Kikab AlShehri | D32: 1859.8 | E32: 0.25 | F32: =SUM(D32*E32) -> 464.95 | G32: =225.15+239.45 -> 464.6 | H32: =F32-G32 -> 0.35 | I32: 990755 | J32: 45677 | K32: 45691
A33: 30 | B33: 1372 | C33: Ali Said Zaidi Baitsaid | D33: 1844 | E33: 0.25 | F33: =SUM(D33*E33) -> 461 | G33: =F33 -> 461 | H33: =F33-G33 -> 0 | I33: 628655
A34: 31 | B34: 1373 | C34: Salim Ahmed Tamman Baitsaid | D34: 647.9 | E34: 0.25 | F34: =SUM(D34*E34) -> 161.975 | G34: =F34 -> 161.975 | H34: =F34-G34 -> 0 | I34: 734281 | J34: 27-01-25-dcf
A35: 32 | B35: 1375 | C35: Muslim Mohammed Hassan Alash AlKathiri | D35: 497.7 | E35: 0.25 | F35: =SUM(D35*E35) -> 124.425 | G35: =F35 -> 124.425 | H35: =F35-G35 -> 0 | I35: 6748627
A36: 33 | B36: 1377 | C36: Ali Masoud Awad Kikab AlShehri | D36: 620 | E36: 0.25 | F36: =SUM(D36*E36) -> 155 | G36: =F36 -> 155 | H36: =F36-G36 -> 0 | I36: 5160404
A37: 34 | B37: 1378 | C37: Salem Ali Said Kikab AlShehri | D37: 2442.2 | E37: 0.25 | F37: =SUM(D37*E37) -> 610.55 | G37: =607.975+2.575 -> 610.55 | H37: =F37-G37 -> 0 | I37: 5996404 | J37: 45658 | K37: 45684
A38: 35 | B38: 1381 | C38: Abdellah Masoud Said Al Shihri | D38: 908.7 | E38: 0.25 | F38: =SUM(D38*E38) -> 227.175 | G38: =224.1+3.075 -> 227.175 | H38: =F38-G38 -> 0 | I38: 19847623 | J38: 45621 | K38: 45635
A39: 36 | B39: 1390 | C39: Said Ahmed Said kikab Al shahri | D39: 558.2 | E39: 0.25 | F39: =SUM(D39*E39) -> 139.55 | G39: =F39 -> 139.55 | H39: =F39-G39 -> 0 | I39: 13826903 | J39: 45637
A40: 37 | B40: 1392 | C40: Ahmed Abdullah Ali Al Kathiri | D40: 1553.1 | E40: 0.25 | F40: =SUM(D40*E40) -> 388.275 | G40: =F40 -> 388.275 | H40: =F40-G40 -> 0 | I40: 1353348
A41: 38 | B41: 1393 | C41: Said Ali Ahmed Amor Jid | D41: 630.3 | E41: 0.25 | F41: =SUM(D41*E41) -> 157.575 | G41: =155.375+2.2 -> 157.575 | H41: =F41-G41 -> 0 | I41: 1650389 | J41: 45628 | K41: 45663
A42: 39 | B42: 1500 | C42: Musallam Salim Ahmed Har Al Kathiri | D42: 39.7 | E42: 0.25 | F42: =SUM(D42*E42) -> 9.925 | G42: =F42 -> 9.925 | H42: =F42-G42 -> 0 | I42: 19567469
A43: 40 | B43: 1501 | C43: Said Mohamed Said Muslem Al Kathiri | D43: 264.8 | E43: 0.25 | F43: =SUM(D43*E43) -> 66.2 | G43: =F43 -> 66.2 | H43: =F43-G43 -> 0 | I43: 25657583 | J43: 45658
A44: 41 | B44: 1503 | C44: SAID MOHAMMED SAID AL HILALI | D44: 660.6 | E44: 0.25 | F44: =SUM(D44*E44) -> 165.15 | G44: =F44 -> 165.15 | H44: =F44-G44 -> 0 | I44: 8930607
A45: 42 | B45: 1504 | C45: SALIM ALI AHMED SHDAR ALKATHIRI | D45: 712.5 | E45: 0.25 | F45: =SUM(D45*E45) -> 178.125 | G45: =178.125 -> 178.125 | H45: =F45-G45 -> 0 | I45: 381215 | J45: 45684
A46: 43 | B46: 1505 | C46: SALIM ALI MAHTOUQ AL SHIHRI | D46: 204.8 | E46: 0.25 | F46: =SUM(D46*E46) -> 51.2 | G46: =F46 -> 51.2 | H46: =F46-G46 -> 0 | I46: 6668659 | J46: 45621
D47: =SUM(D4:D46) -> 65463.4 | F47: =SUM(F4:F46) -> 16365.85 | G47: =SUM(G4:G46) -> 16365.5 | H47: =SUM(H4:H46) -> 0.35
G48: =G4+G24+G25+G26 -> 2957.85
G49: =G47-G48 -> 13407.65 | H49: =G49/F47 -> 0.81924556

Sheet Center-Sept
A1: Milk Chilling Centre(Ghado) - Monthly Cow Milk Procurement Report 01-09-2024 TO 30-09.2024
A2: SR. NO. | B2: Farmer Code | C2: Farmer Name | D2: Total Quantity Supplied(Lits) | E2: Cow Milk Price/Lit(OMR) | F2: Total Value Milk (OMR) | G2: Paid | H2: Balance | I2: ID No: | J2: Account No | K2: Bank Name | L2: IFSC Code | M2: Phone No: | N2: Remark
A4: 1 | B4: 1010 | C4: Ahmed Ajham Omar Aghrib AlShehri | D4: 2386.5 | E4: 0.25 | F4: =SUM(D4*E4) -> 596.625 | G4: =F4 -> 596.625 | H4: =F4-G4 -> 0 | I4: 315313 | J4: 1006237426001 | K4: NBO | L4: NBOMOMRX | M4: 92600441
A5: 2 | B5: 1038 | C5: Salem Ahmed Said Majdah AlKathiri | D5: 1976.8 | E5: 0.25 | F5: =SUM(D5*E5) -> 494.2 | G5: =F5 -> 494.2 | H5: =F5-G5 -> 0 | I5: 5247837 | J5: 0406003267180024 | K5: BANK MUSCAT | L5: BMUSOMRX | M5: 99441537 | N5: 45963 | O5: 13-2-25
A6: 3 | B6: 1065 | C6: Ali Muhaisin Mohammed Humdi Al Saiari | D6: 581.9 | E6: 0.25 | F6: =SUM(D6*E6) -> 145.475 | G6: =F6 -> 145.475 | H6: =F6-G6 -> 0 | I6: 1276058 | J6: 0397003789920017 | K6: BANK MUSCAT | L6: BMUSOMRX | M6: 99498549
A7: 4 | B7: 1071 | C7: ALI MUSTAHIL MUBARAK ASAT AL SHIHRI | D7: 605.6 | E7: 0.25 | F7: =SUM(D7*E7) -> 151.4 | G7: =F7 -> 151.4 | H7: =F7-G7 -> 0 | I7: 390741 | J7: 01010120857001 | K7: BANK DHOFAR | L7: BDOFOMRU | M7: 99589144 | N7: 45621 | O7: 45663
A8: 5 | B8: 1086 | C8: Muslim Ali Said Hat AlShehri | D8: 1260.5 | E8: 0.25 | F8: =SUM(D8*E8) -> 315.125 | G8: =F8 -> 315.125 | H8: =F8-G8 -> 0 | I8: 2379573 | J8: 01010281105001 | K8: BANK DHOFAR | L8: BDOFOMRU | M8: 92917899 | N8: 45650 | O8: 45665
A9: 6 | B9: 1123 | C9: Hamid Mohammed Zidi Bait said | D9: 1288.7 | E9: 0.25 | F9: =SUM(D9*E9) -> 322.175 | G9: =F9 -> 322.175 | H9: =F9-G9 -> 0 | I9: 655141 | J9: 250097615001 | K9: HSBC | L9: BBMEOMRX | M9: 99485623 | N9: DCF feed
A10: 7 | B10: 1130 | C10: Hassan said jman alhalai | D10: 1069.1 | E10: 0.25 | F10: =SUM(D10*E10) -> 267.275 | G10: =F10 -> 267.275 | H10: =F10-G10 -> 0 | I10: 5485645 | J10: 0401003274570034 | K10: BANK MUSCAT | L10: BMUSOMRX | M10: 90977488 | N10: 45810
A11: 8 | B11: 1152 | C11: Mohammed Rajab Ali Al Mashikhi | D11: 1794.2 | E11: 0.25 | F11: =SUM(D11*E11) -> 448.55 | G11: =F11 -> 448.55 | H11: =F11-G11 -> 0 | I11: 5254327 | J11: 01011435284001 | K11: BANK DHOFAR | L11: BDOFOMRU | M11: 99692328
A12: 9 | B12: 1200 | C12: Muslim Ahmed Muslim AlKathiri | D12: 560.7 | E12: 0.25 | F12: =SUM(D12*E12) -> 140.175 | G12: =F12 -> 140.175 | H12: =F12-G12 -> 0 | I12: 7287174 | J12: 01010853216001 | K12: BANK DHOFAR | L12: BDOFOMRU | M12: 99673747 | N12: 45656 | O12: 45663 | P12: 45665
A13: 10 | B13: 1276 | C13: Masoud Salim Said Baitsaid | D13: 597.3 | E13: 0.25 | F13: =SUM(D13*E13) -> 149.325 | G13: =F13 -> 149.325 | H13: =F13-G13 -> 0 | I13: 334495 | J13: 0397003857450019 | K13: BANK MUSCAT | L13: BMUSOMRX | M13: 99170505
A14: 11 | B14: 1281 | C14: Salem Ali Masoud Baitsaid | D14: 1793.6 | E14: 0.25 | F14: =SUM(D14*E14) -> 448.4 | G14: =F14 -> 448.4 | H14: =F14-G14 -> 0 | I14: 6310986 | J14: 0406003431390019 | K14: BANK MUSCAT | L14: BMUSOMRX | M14: 92922944
A15: 12 | B15: 1308 | C15: Ahmed Said Mohammed Alash AlKathiri | D15: 648.4 | E15: 0.25 | F15: =SUM(D15*E15) -> 162.1 | G15: =F15 -> 162.1 | H15: =F15-G15 -> 0 | I15: 6225641 | J15: 01010407288003 | K15: BANK DHOFAR | L15: BDOFOMRU | M15: 92055550
A16: 13 | B16: 1337 | C16: Amer Bakhit Sohil Baitsaid | D16: 488.7 | E16: 0.25 | F16: =SUM(D16*E16) -> 122.175 | G16: =F16 -> 122.175 | H16: =F16-G16 -> 0 | I16: 6719626 | J16: 0401026589890018 | K16: BANK MUSCAT | L16: BMUSOMRX | M16: 97726288 | N16: 45644 | O16: 45670
A17: 14 | B17: 1339 | C17: Said Ahmed Ali Baitsaid | D17: 2958.5 | E17: 0.25 | F17: =SUM(D17*E17) -> 739.625 | G17: =F17 -> 739.625 | H17: =F17-G17 -> 0 | I17: 3090574 | J17: 01011207102001 | K17: BANK DHOFAR | L17: BDOFOMRU | M17: 99292421 | N17: 45779
A18: 15 | B18: 1340 | C18: Ahmed Suhail Ahmed Alash AlKathiri | D18: 950.5 | E18: 0.25 | F18: =SUM(D18*E18) -> 237.625 | G18: =234.025+3.6 -> 237.625 | H18: =F18-G18 -> 0 | I18: 7279274 | J18: 0204003564210038 | K18: Bank Muscat | L18: BMUSOMRX | M18: 93808816 | N18: 45628 | O18: 45657
A19: 16 | B19: 1341 | C19: Mahad Suhail Mahad Baitsaid | D19: 1360.1 | E19: 0.25 | F19: =SUM(D19*E19) -> 340.025 | G19: =F19 -> 340.025 | H19: =F19-G19 -> 0 | I19: 15977579 | J19: 0439003370920023 | K19: Bank Muscat | L19: BMUSOMRX | M19: 92578822
A20: 17 | B20: 1342 | C20: Mohammed Ali Said Al Nubi Al Kathiri | D20: 546.4 | E20: 0.25 | F20: =SUM(D20*E20) -> 136.6 | G20: =132.6+4 -> 136.6 | H20: =F20-G20 -> 0 | I20: 13950469 | J20: 0406003373420026 | K20: Bank Muscat | L20: BMUSOMRX | M20: 92341118 | N20: 45628 | O20: 45658
A21: 18 | B21: 1343 | C21: Masoud Mahad Masoud Baitsaid | D21: 1196.3 | E21: 0.25 | F21: =SUM(D21*E21) -> 299.075 | G21: =F21 -> 299.075 | H21: =F21-G21 -> 0 | I21: 5160297 | J21: 01013045567001 | K21: BANK DHOFAR | L21: BDOFOMRU | M21: 93501199 | N21: 45650 | O21: 45679
A22: 19 | B22: 1345 | C22: Salim Said Ali Bait said | D22: 5975 | E22: 0.25 | F22: =SUM(D22*E22) -> 1493.75 | G22: =F22 -> 1493.75 | H22: =F22-G22 -> 0 | I22: 10578952 | J22: 3109378368700 | K22: OAB | L22: OMABOMRU | M22: 92194382
A23: 20 | B23: 1349 | C23: Muslim Suhail Salem Baitsaid | D23: 2236.2 | E23: 0.25 | F23: =SUM(D23*E23) -> 559.05 | G23: =F23 -> 559.05 | H23: =F23-G23 -> 0 | I23: 7128679 | J23: 0406003474800016 | K23: BANK MUSCAT | L23: BMUSOMRX | M23: 91408836
A24: 21 | B24: 1350 | C24: Ahmed Salem Zayed Baitsaid | D24: 4331 | E24: 0.25 | F24: =SUM(D24*E24) -> 1082.75 | G24: =F24 -> 1082.75 | H24: =F24-G24 -> 0 | I24: 6752017 | J24: 0396003246310013 | K24: BANK MUSCAT | L24: BMUSOMRX | M24: 92520708
A25: 22 | B25: 1353 | C25: Salem Amer Said Baitsaid | D25: 5974.8 | E25: 0.25 | F25: =SUM(D25*E25) -> 1493.7 | G25: =F25 -> 1493.7 | H25: =F25-G25 -> 0 | I25: 5217694 | J25: 1011109062001 | K25: BANK DHOFAR | L25: BDOFOMRU | M25: 92749180
A26: 23 | B26: 1355 | C26: Ahmed Zaidi Mahroos Baitsaid | D26: 2240.2 | E26: 0.25 | F26: =SUM(D26*E26) -> 560.05 | G26: =F26 -> 560.05 | H26: =F26-G26 -> 0 | I26: 585058 | J26: 01010940683001 | K26: BANK DHOFAR | L26: BDOFOMRU | M26: 99055262 | N26: Transfer 8-1-2025
A27: 24 | B27: 1356 | C27: Said Salem Said Asout AlShehri | D27: 1221.2 | E27: 0.25 | F27: =SUM(D27*E27) -> 305.3 | G27: =F27 -> 305.3 | H27: =F27-G27 -> 0 | I27: 7494112 | J27: 397050056020018 | K27: BANK MUSCAT | L27: BMUSOMRX | M27: 99488186
A28: 25 | B28: 1362 | C28: Ali Masoud Salem Baitsaid | D28: 2382.2 | E28: 0.25 | F28: =SUM(D28*E28) -> 595.55 | G28: =F28 -> 595.55 | H28: =F28-G28 -> 0 | I28: 2429041 | J28: 0397003875270017 | K28: BANK MUSCAT | L28: BMUSOMRX | M28: 93663694 | N28: 13-2-25
A29: 26 | B29: 1363 | C29: Suhail Ali Said AlKathiri | D29: 1866.1 | E29: 0.25 | F29: =SUM(D29*E29) -> 466.525 | G29: =F29 -> 466.525 | H29: =F29-G29 -> 0 | I29: 322352 | J29: 0406003153460019 | K29: BANK MUSCAT | L29: BMUSOMRX | M29: 98842645
A30: 27 | B30: 1364 | C30: Omar Bakhit Ahmed Al Hilali | D30: 596.7 | E30: 0.25 | F30: =SUM(D30*E30) -> 149.175 | G30: =F30 -> 149.175 | H30: =F30-G30 -> 0 | I30: 7113811 | J30: 01010123044001 | K30: BANK DHOFAR | L30: BDOFOMRU | M30: 92969982 | N30: 45637 | O30: 45672
A31: 28 | B31: 1366 | C31: Ahmed Salem Ali Kikab AlShehri | D31: 2362.4 | E31: 0.25 | F31: =SUM(D31*E31) -> 590.6 | G31: =F31 -> 590.6 | H31: =F31-G31 -> 0 | I31: 8318385 | J31: 0406015165020012 | K31: BANK MUSCAT | L31: BMUSOMRX | M31: 90660210 | N31: 45663 | O31: 45670 | P31: 45684
A32: 29 | B32: 1370 | C32: Mohammed Ali Nassib Kikab Al Shahri | D32: 1768 | E32: 0.25 | F32: =SUM(D32*E32) -> 442 | G32: =F32 -> 442 | H32: =F32-G32 -> 0 | I32: 14431965 | J32: 0439003719840022 | K32: BANK MUSCAT | L32: BMUSOMRX | M32: 99693775
A33: 30 | B33: 1371 | C33: Said Muhaisin Nassib Kikab AlShehri | D33: 1784.2 | E33: 0.25 | F33: =SUM(D33*E33) -> 446.05 | G33: =F33 -> 446.05 | H33: =F33-G33 -> 0 | I33: 990755 | J33: 1023260068017 | K33: NBO | L33: NBOMOMRX | M33: 92556210
A34: 31 | B34: 1372 | C34: Ali Said Zaidi Baitsaid | D34: 1791.4 | E34: 0.25 | F34: =SUM(D34*E34) -> 447.85 | G34: =F34 -> 447.85 | H34: =F34-G34 -> 0 | I34: 628655 | J34: 01040280343001 | K34: BANK DHOFAR | L34: BDOFOMRU | M34: 98976629
A35: 32 | B35: 1373 | C35: Salim Ahmed Tamman Baitsaid | D35: 636.3 | E35: 0.25 | F35: =SUM(D35*E35) -> 159.075 | G35: =F35 -> 159.075 | H35: =F35-G35 -> 0 | I35: 734281 | J35: 0397003883150015 | K35: BANK MUSCAT | L35: BMUSOMRX | M35: 99891516 | N35: 27-01-25-dcf
A36: 33 | B36: 1375 | C36: Muslim Mohammed Hassan Alash AlKathiri | D36: 638.6 | E36: 0.25 | F36: =SUM(D36*E36) -> 159.65 | G36: =F36 -> 159.65 | H36: =F36-G36 -> 0 | I36: 6748627 | J36: 0500067548104002 | K36: alizz Islamic Bank | L36: IZZBOMRU | M36: 93707700
A37: 34 | B37: 1377 | C37: Ali Masoud Awad Kikab AlShehri | D37: 591.4 | E37: 0.25 | F37: =SUM(D37*E37) -> 147.85 | G37: =F37 -> 147.85 | H37: =F37-G37 -> 0 | I37: 5160404 | J37: 01041074963001 | K37: BANK DHOFAR | L37: BDOFOMRU | M37: 91120322
A38: 35 | B38: 1378 | C38: Salem Ali Said Kikab AlShehri | D38: 2297.6 | E38: 0.25 | F38: =SUM(D38*E38) -> 574.4 | G38: =F38 -> 574.4 | H38: =F38-G38 -> 0 | I38: 5996404 | J38: 0439061391880013 | K38: Bank Muscat | L38: BMUSOMRX | M38: 98976878 | N38: 45684 | O38: 45963
A39: 36 | B39: 1381 | C39: Abdellah Masoud Said Al Shihri | D39: 601.2 | E39: 0.25 | F39: =SUM(D39*E39) -> 150.3 | G39: =F39 -> 150.3 | H39: =F39-G39 -> 0 | I39: 19847623 | J39: 10600349647017 | K39: NBO | L39: NBOMOMRX | M39: 92802427 | N39: 45635 | O39: 45663
A40: 37 | B40: 1390 | C40: Said Ahmed Said kikab Al shahri | D40: 581 | E40: 0.25 | F40: =SUM(D40*E40) -> 145.25 | G40: =F40 -> 145.25 | H40: =F40-G40 -> 0 | I40: 13826903 | J40: 0397021600910017 | K40: BANK MUSCAT | L40: BMUSOMRX | N40: 45637 | O40: 11-2-256
A41: 38 | B41: 1392 | C41: Ahmed Abdullah Ali Al Kathiri | D41: 1500 | E41: 0.25 | F41: =SUM(D41*E41) -> 375 | G41: =F41 -> 375 | H41: =F41-G41 -> 0 | I41: 1353348 | J41: 01010850137001 | K41: BANK DHOFAR | L41: BDOFOMRU
A42: 39 | B42: 1393 | C42: Said Ali Ahmed Amor Jid | D42: 604.1 | E42: 0.25 | F42: =SUM(D42*E42) -> 151.025 | G42: =F42 -> 151.025 | H42: =F42-G42 -> 0 | I42: 1650389 | J42: 0406018263680011 | K42: BANK MUSCAT | L42: BMUSOMRX | M42: 94264109 | N42: 45663 | O42: 45963
A43: 40 | B43: 1500 | C43: Musallam Salim Ahmed Har Al Kathiri | D43: 118.6 | E43: 0.25 | F43: =SUM(D43*E43) -> 29.65 | G43: =F43 -> 29.65 | H43: =F43-G43 -> 0 | I43: 19567469 | J43: 01011030152001 | K43: BANK DHOFAR | L43: BDOFOMRU | M43: 92265154
A44: 41 | B44: 1501 | C44: Said Mohamed Said Muslem Al Kathiri | D44: 357.9 | E44: 0.25 | F44: =SUM(D44*E44) -> 89.475 | G44: =F44 -> 89.475 | H44: =F44-G44 -> 0 | I44: 25657583 | J44: 0406051045320019 | K44: BANK MUSCAT | L44: BMUSOMRX | N44: 45658
A45: 42 | B45: 1503 | C45: SAID MOHAMMED SAID AL HILALI | D45: 618.8 | E45: 0.25 | F45: =SUM(D45*E45) -> 154.7 | G45: =F45 -> 154.7 | H45: =F45-G45 -> 0 | I45: 8930607 | J45: 0426061663830011 | K45: BANK MUSCAT | L45: BMUSOMRX | M45: 92621425
A46: 43 | B46: 1504 | C46: SALIM ALI AHMED SHDAR ALKATHIRI | D46: 727.3 | E46: 0.25 | F46: =SUM(D46*E46) -> 181.825 | G46: =F46 -> 181.825 | H46: =F46-G46 -> 0 | I46: 381215 | J46: 0406003301170017 | K46: BANK MUSCAT | L46: BMUSOMRX | M46: 95110746 | N46: 45684 | O46: 45810
A47: 44 | B47: 1505 | C47: SALIM ALI MAHTOUQ AL SHIHRI | D47: 553.5 | E47: 0.25 | F47: =SUM(D47*E47) -> 138.375 | G47: =F47 -> 138.375 | H47: =F47-G47 -> 0 | I47: 6668659 | J47: 0439015807570025 | K47: BANK MUSCAT | L47: BMUSOMRX | N47: 45621 | O47: 45665
D48: =SUM(D4:D47) -> 66419.5 | E48: 0.25 | F48: =SUM(F4:F47) -> 16604.875 | G48: =SUM(G4:G47) -> 16604.875 | H48: =SUM(H4:H47) -> 0

Sheet Center-oct
A1: Milk Chilling Centre(Ghado) - Monthly Cow Milk Procurement Report 01-10-2024 TO 31-10.2024
A2: SR. NO. | B2: Farmer Code | C2: Farmer Name | D2: Total Quantity Supplied(Lits) | E2: Cow Milk Price/Lit(OMR) | F2: Total Value Milk (OMR) | G2: Paid | H2: Balance | I2: ID No: | J2: Account No | K2: Bank Name | L2: IFSC Code | M2: Phone No: | N2: Remark
B4: 1010 | C4: Ahmed Ajham Omar Aghrib AlShehri | D4: 2291.3 | E4: 0.25 | F4: =SUM(D4*E4) -> 572.825 | G4: =F4 -> 572.825 | H4: =F4-G4 -> 0 | I4: 315313 | J4: 1006237426001 | K4: NBO | L4: NBOMOMRX | M4: 92600441
A5: 2 | B5: 1038 | C5: Salem Ahmed Said Majdah AlKathiri | D5: 2038 | E5: 0.25 | F5: =SUM(D5*E5) -> 509.5 | G5: =F5 -> 509.5 | H5: =F5-G5 -> 0 | I5: 5247837 | J5: 0406003267180024 | K5: BANK MUSCAT | L5: BMUSOMRX | M5: 99441537 | N5: 13-2-25
A6: 3 | B6: 1065 | C6: Ali Muhaisin Mohammed Humdi Al Saiari | D6: 636.2 | E6: 0.25 | F6: =SUM(D6*E6) -> 159.05 | G6: =F6 -> 159.05 | H6: =F6-G6 -> 0 | I6: 1276058 | J6: 0397003789920017 | K6: BANK MUSCAT | L6: BMUSOMRX | M6: 99498549
A7: 4 | B7: 1071 | C7: ALI MUSTAHIL MUBARAK ASAT AL SHIHRI | D7: 609.2 | E7: 0.25 | F7: =SUM(D7*E7) -> 152.3 | G7: =F7 -> 152.3 | H7: =F7-G7 -> 0 | I7: 390741 | J7: 01010120857001 | K7: BANK DHOFAR | L7: BDOFOMRU | M7: 99589144 | N7: 45663 | O7: 45679
A8: 5 | B8: 1086 | C8: Muslim Ali Said Hat AlShehri | D8: 1296.6 | E8: 0.25 | F8: =SUM(D8*E8) -> 324.15 | G8: =F8 -> 324.15 | H8: =F8-G8 -> 0 | I8: 2379573 | J8: 01010281105001 | K8: BANK DHOFAR | L8: BDOFOMRU | M8: 92917899 | N8: 45665 | O8: 45684
A9: 6 | B9: 1123 | C9: Hamid Mohammed Zidi Bait said | D9: 1314.4 | E9: 0.25 | F9: =SUM(D9*E9) -> 328.6 | G9: =F9 -> 328.6 | H9: =F9-G9 -> 0 | I9: 655141 | J9: 250097615001 | K9: HSBC | L9: BBMEOMRX | M9: 99485623 | N9: DCF feed
A10: 7 | B10: 1130 | C10: Hassan said jman alhalai | D10: 1069.1 | E10: 0.25 | F10: =SUM(D10*E10) -> 267.275 | G10: =F10 -> 267.275 | H10: =F10-G10 -> 0 | I10: 5485645 | J10: 0401003274570034 | K10: BANK MUSCAT | L10: BMUSOMRX | M10: 90977488
A11: 8 | B11: 1152 | C11: Mohammed Rajab Ali Al Mashikhi | D11: 1848.7 | E11: 0.25 | F11: =SUM(D11*E11) -> 462.175 | G11: =F11 -> 462.175 | H11: =F11-G11 -> 0 | I11: 5254327 | J11: 01011435284001 | K11: BANK DHOFAR | L11: BDOFOMRU | M11: 99692328
A12: 9 | B12: 1200 | C12: Muslim Ahmed Muslim AlKathiri | D12: 680.2 | E12: 0.25 | F12: =SUM(D12*E12) -> 170.05 | G12: =F12 -> 170.05 | H12: =F12-G12 -> 0 | I12: 7287174 | J12: 01010853216001 | K12: BANK DHOFAR | L12: BDOFOMRU | M12: 99673747 | N12: 45665 | O12: 45677
A13: 10 | B13: 1276 | C13: Masoud Salim Said Baitsaid | D13: 572 | E13: 0.25 | F13: =SUM(D13*E13) -> 143 | G13: =F13 -> 143 | H13: =F13-G13 -> 0 | I13: 334495 | J13: 0397003857450019 | K13: BANK MUSCAT | L13: BMUSOMRX | M13: 99170505
A14: 11 | B14: 1281 | C14: Salem Ali Masoud Baitsaid | D14: 1860 | E14: 0.25 | F14: =SUM(D14*E14) -> 465 | G14: =F14 -> 465 | H14: =F14-G14 -> 0 | I14: 6310986 | J14: 0406003431390019 | K14: BANK MUSCAT | L14: BMUSOMRX | M14: 92922944
A15: 12 | B15: 1308 | C15: Ahmed Said Mohammed Alash AlKathiri | D15: 660.5 | E15: 0.25 | F15: =SUM(D15*E15) -> 165.125 | G15: =F15 -> 165.125 | H15: =F15-G15 -> 0 | I15: 6225641 | J15: 01010407288003 | K15: BANK DHOFAR | L15: BDOFOMRU | M15: 92055550
A16: 13 | B16: 1337 | C16: Amer Bakhit Sohil Baitsaid | D16: 620 | E16: 0.25 | F16: =SUM(D16*E16) -> 155 | G16: =F16 -> 155 | H16: =F16-G16 -> 0 | I16: 6719626 | J16: 0401026589890018 | K16: BANK MUSCAT | L16: BMUSOMRX | M16: 97726288 | N16: 45670
A17: 14 | B17: 1339 | C17: Said Ahmed Ali Baitsaid | D17: 3604.6 | E17: 0.25 | F17: =SUM(D17*E17) -> 901.15 | G17: =F17 -> 901.15 | H17: =F17-G17 -> 0 | I17: 3090574 | J17: 01011207102001 | K17: BANK DHOFAR | L17: BDOFOMRU | M17: 99292421
A18: 15 | B18: 1340 | C18: Ahmed Suhail Ahmed Alash AlKathiri | D18: 1160.3 | E18: 0.25 | F18: =SUM(D18*E18) -> 290.075 | G18: =F18 -> 290.075 | H18: =F18-G18 -> 0 | I18: 7279274 | J18: 0204003564210038 | K18: Bank Muscat | L18: BMUSOMRX | M18: 93808816 | N18: 45657 | O18: 45684
A19: 16 | B19: 1341 | C19: Mahad Suhail Mahad Baitsaid | D19: 1408.2 | E19: 0.25 | F19: =SUM(D19*E19) -> 352.05 | G19: =F19 -> 352.05 | H19: =F19-G19 -> 0 | I19: 15977579 | J19: 0439003370920023 | K19: Bank Muscat | L19: BMUSOMRX | M19: 92578822
A20: 17 | B20: 1342 | C20: Mohammed Ali Said Al Nubi Al Kathiri | D20: 612.8 | E20: 0.25 | F20: =SUM(D20*E20) -> 153.2 | G20: =F20 -> 153.2 | H20: =F20-G20 -> 0 | I20: 13950469 | J20: 0406003373420026 | K20: Bank Muscat | L20: BMUSOMRX | M20: 92341118 | N20: 45658 | O20: 45686
A21: 18 | B21: 1343 | C21: Masoud Mahad Masoud Baitsaid | D21: 1213.4 | E21: 0.25 | F21: =SUM(D21*E21) -> 303.35 | G21: =F21 -> 303.35 | H21: =F21-G21 -> 0 | I21: 5160297 | J21: 01013045567001 | K21: BANK DHOFAR | L21: BDOFOMRU | M21: 93501199 | N21: 45679 | O21: 45691
A22: 19 | B22: 1345 | C22: Salim Said Ali Bait said | D22: 6031.4 | E22: 0.25 | F22: =SUM(D22*E22) -> 1507.85 | G22: =F22 -> 1507.85 | H22: =F22-G22 -> 0 | I22: 10578952 | J22: 3109378368700 | K22: OAB | L22: OMABOMRU | M22: 92194382
A23: 20 | B23: 1349 | C23: Muslim Suhail Salem Baitsaid | D23: 2374.2 | E23: 0.25 | F23: =SUM(D23*E23) -> 593.55 | G23: =F23 -> 593.55 | H23: =F23-G23 -> 0 | I23: 7128679 | J23: 0406003474800016 | K23: BANK MUSCAT | L23: BMUSOMRX | M23: 91408836
A24: 21 | B24: 1350 | C24: Ahmed Salem Zayed Baitsaid | D24: 4492.5 | E24: 0.25 | F24: =SUM(D24*E24) -> 1123.125 | G24: =F24 -> 1123.125 | H24: =F24-G24 -> 0 | I24: 6752017 | J24: 0396003246310013 | K24: BANK MUSCAT | L24: BMUSOMRX | M24: 92520708
A25: 22 | B25: 1353 | C25: Salem Amer Said Baitsaid | D25: 6179.8 | E25: 0.25 | F25: =SUM(D25*E25) -> 1544.95 | G25: =F25 -> 1544.95 | H25: =F25-G25 -> 0 | I25: 5217694 | J25: 01011109062001 | K25: BANK DHOFAR | L25: BDOFOMRU | M25: 92749180
A26: 23 | B26: 1355 | C26: Ahmed Zaidi Mahroos Baitsaid | D26: 2487.3 | E26: 0.25 | F26: =SUM(D26*E26) -> 621.825 | G26: =F26 -> 621.825 | H26: =F26-G26 -> 0 | I26: 585058 | J26: 01010940683001 | K26: BANK DHOFAR | L26: BDOFOMRU | M26: 99055262 | N26: 45963
A27: 24 | B27: 1356 | C27: Said Salem Said Asout AlShehri | D27: 843.9 | E27: 0.25 | F27: =SUM(D27*E27) -> 210.975 | G27: =F27 -> 210.975 | H27: =F27-G27 -> 0 | I27: 7494112 | J27: 0397050056020018 | K27: BANK MUSCAT | L27: BMUSOMRX | M27: 99488186
A28: 25 | B28: 1362 | C28: Ali Masoud Salem Baitsaid | D28: 2491.5 | E28: 0.25 | F28: =SUM(D28*E28) -> 622.875 | G28: =F28 -> 622.875 | H28: =F28-G28 -> 0 | I28: 2429041 | J28: 0397003875270017 | K28: BANK MUSCAT | L28: BMUSOMRX | M28: 93663694
A29: 26 | B29: 1363 | C29: Suhail Ali Said AlKathiri | D29: 2507.7 | E29: 0.25 | F29: =SUM(D29*E29) -> 626.925 | G29: =F29 -> 626.925 | H29: =F29-G29 -> 0 | I29: 322352 | J29: 0406003153460019 | K29: BANK MUSCAT | L29: BMUSOMRX | M29: 98842645
A30: 27 | B30: 1364 | C30: Omar Bakhit Ahmed Al Hilali | D30: 620 | E30: 0.25 | F30: =SUM(D30*E30) -> 155 | G30: =F30 -> 155 | H30: =F30-G30 -> 0 | I30: 7113811 | J30: 01010123044001 | K30: BANK DHOFAR | L30: BDOFOMRU | M30: 92969982 | N30: 45672
A31: 28 | B31: 1366 | C31: Ahmed Salem Ali Kikab AlShehri | D31: 2488.7 | E31: 0.25 | F31: =SUM(D31*E31) -> 622.175 | G31: =F31 -> 622.175 | H31: =F31-G31 -> 0 | I31: 8318385 | J31: 0406015165020012 | K31: BANK MUSCAT | L31: BMUSOMRX | M31: 90660210 | N31: 45684 | O31: 45963
A32: 29 | B32: 1370 | C32: Mohammed Ali Nassib Kikab Al Shahri | D32: 1822.7 | E32: 0.25 | F32: =SUM(D32*E32) -> 455.675 | G32: =F32 -> 455.675 | H32: =F32-G32 -> 0 | I32: 14431965 | J32: 0439003719840022 | K32: BANK MUSCAT | L32: BMUSOMRX | M32: 99693775
A33: 30 | B33: 1371 | C33: Said Muhaisin Nassib Kikab AlShehri | D33: 1857.4 | E33: 0.25 | F33: =SUM(D33*E33) -> 464.35 | G33: =F33 -> 464.35 | H33: =F33-G33 -> 0 | I33: 990755 | J33: 1023260068017 | K33: NBO | L33: NBOMOMRX | M33: 92556210
A34: 31 | B34: 1372 | C34: Ali Said Zaidi Baitsaid | D34: 1801.8 | E34: 0.25 | F34: =SUM(D34*E34) -> 450.45 | G34: =F34 -> 450.45 | H34: =F34-G34 -> 0 | I34: 628655 | J34: 01040280343001 | K34: BANK DHOFAR | L34: BDOFOMRU | M34: 98976629
A35: 32 | B35: 1373 | C35: Salim Ahmed Tamman Baitsaid | D35: 659.7 | E35: 0.25 | F35: =SUM(D35*E35) -> 164.925 | G35: =F35 -> 164.925 | H35: =F35-G35 -> 0 | I35: 734281 | J35: 0397003883150015 | K35: BANK MUSCAT | L35: BMUSOMRX | M35: 99891516 | N35: 27-01-25-dcf
A36: 33 | B36: 1375 | C36: Muslim Mohammed Hassan Alash AlKathiri | D36: 663.3 | E36: 0.25 | F36: =SUM(D36*E36) -> 165.825 | G36: =F36 -> 165.825 | H36: =F36-G36 -> 0 | I36: 6748627 | J36: 0500067548104002 | K36: alizz Islamic Bank | L36: IZZBOMRU | M36: 93707700
A37: 34 | B37: 1377 | C37: Ali Masoud Awad Kikab AlShehri | D37: 638.7 | E37: 0.25 | F37: =SUM(D37*E37) -> 159.675 | G37: =F37 -> 159.675 | H37: =F37-G37 -> 0 | I37: 5160404 | J37: 01041074963001 | K37: BANK DHOFAR | L37: BDOFOMRU | M37: 91120322
A38: 35 | B38: 1378 | C38: Salem Ali Said Kikab AlShehri | D38: 2393.6 | E38: 0.25 | F38: =SUM(D38*E38) -> 598.4 | G38: =F38 -> 598.4 | H38: =F38-G38 -> 0 | I38: 5996404 | J38: 0439061391880013 | K38: Bank Muscat | L38: BMUSOMRX | M38: 98976878 | N38: 45963
A39: 36 | B39: 1381 | C39: Abdellah Masoud Said Al Shihri | D39: 621.1 | E39: 0.25 | F39: =SUM(D39*E39) -> 155.275 | G39: =F39 -> 155.275 | H39: =F39-G39 -> 0 | I39: 19847623 | J39: 10600349647017 | K39: NBO | L39: NBOMOMRX | M39: 92802427 | N39: 45663 | O39: 45684
A40: 37 | B40: 1390 | C40: Said Ahmed Said kikab Al shahri | D40: 622.9 | E40: 0.25 | F40: =SUM(D40*E40) -> 155.725 | G40: =F40 -> 155.725 | H40: =F40-G40 -> 0 | I40: 13826903 | J40: 0397021600910017 | K40: BANK MUSCAT | L40: BMUSOMRX | N40: 45963
A41: 38 | B41: 1392 | C41: Ahmed Abdullah Ali Al Kathiri | D41: 1554.6 | E41: 0.25 | F41: =SUM(D41*E41) -> 388.65 | G41: =F41 -> 388.65 | H41: =F41-G41 -> 0 | I41: 1353348 | J41: 01010850137001 | K41: BANK DHOFAR | L41: BDOFOMRU
A42: 39 | B42: 1393 | C42: Said Ali Ahmed Amor Jid | D42: 623.2 | E42: 0.25 | F42: =SUM(D42*E42) -> 155.8 | G42: =F42 -> 155.8 | H42: =F42-G42 -> 0 | I42: 1650389 | J42: 0406018263680011 | K42: BANK MUSCAT | L42: BMUSOMRX | M42: 94264109 | N42: 45963
A43: 40 | B43: 1500 | C43: Musallam Salim Ahmed Har Al Kathiri | D43: 12.2 | E43: 0.25 | F43: =SUM(D43*E43) -> 3.05 | G43: =F43 -> 3.05 | H43: =F43-G43 -> 0 | I43: 19567469 | J43: 01011030152001 | K43: BANK DHOFAR | L43: BDOFOMRU | M43: 92265154
A44: 41 | B44: 1501 | C44: Said Mohamed Said Muslem Al Kathiri | D44: 364 | E44: 0.25 | F44: =SUM(D44*E44) -> 91 | G44: =F44 -> 91 | H44: =F44-G44 -> 0 | I44: 25657583 | J44: 0406051045320019 | K44: BANK MUSCAT | L44: BMUSOMRX | N44: 45658
A45: 42 | B45: 1503 | C45: SAID MOHAMMED SAID AL HILALI | D45: 653.3 | E45: 0.25 | F45: =SUM(D45*E45) -> 163.325 | G45: =F45 -> 163.325 | H45: =F45-G45 -> 0 | I45: 8930607 | J45: 0426061663830011 | K45: BANK MUSCAT | L45: BMUSOMRX | M45: 92621425
A46: 43 | B46: 1504 | C46: SALIM ALI AHMED SHDAR ALKATHIRI | D46: 758.7 | E46: 0.25 | F46: =SUM(D46*E46) -> 189.675 | G46: =F46 -> 189.675 | H46: =F46-G46 -> 0 | I46: 381215 | J46: 0406003301170017 | K46: BANK MUSCAT | L46: BMUSOMRX | M46: 95110746 | N46: 45810
A47: 44 | B47: 1505 | C47: SALIM ALI MAHTOUQ AL SHIHRI | D47: 409.8 | E47: 0.25 | F47: =SUM(D47*E47) -> 102.45 | G47: =F47 -> 102.45 | H47: =F47-G47 -> 0 | I47: 6668659 | N47: 45665 | O47: 45684
D48: =SUM(D4:D47) -> 69469.5 | E48: 0.25 | F48: =SUM(F4:F47) -> 17367.375 | G48: =SUM(G4:G47) -> 17367.375 | H48: =SUM(H4:H47) -> 0

Sheet Center-Nov
A1: Milk Chilling Centre(Ghado) - Monthly Cow Milk Procurement Report 01-11-2024 TO 30-11-2024
A2: SR. NO. | B2: Farmer Code | C2: Farmer Name | D2: Total Quantity Supplied(Lits) | E2: Cow Milk Price/Lit(OMR) | F2: Total Value Milk (OMR) | G2: Total Value Milk (OMR) | H2: Total Value Milk (OMR) | I2: ID No: | J2: Account No | K2: Bank Name | L2: IFSC Code | M2: Phone No: | N2: Remark
A4: 1 | B4: 1010 | C4: Ahmed Ajham Omar Aghrib AlShehri | D4: 1898 | E4: 0.25 | F4: =SUM(D4*E4) -> 474.5 | G4: =F4 -> 474.5 | H4: =F4-G4 -> 0 | I4: 315313 | J4: 1006237426001 | K4: NBO | L4: NBOMOMRX | M4: 92600441
A5: 2 | B5: 1038 | C5: Salem Ahmed Said Majdah AlKathiri | D5: 1880.1 | E5: 0.25 | F5: =SUM(D5*E5) -> 470.025 | G5: =F5 -> 470.025 | H5: =F5-G5 -> 0 | I5: 5247837 | J5: 0406003267180024 | K5: BANK MUSCAT | L5: BMUSOMRX | M5: 99441537
A6: 3 | B6: 1065 | C6: Ali Muhaisin Mohammed Humdi Al Saiari | D6: 613.3 | E6: 0.25 | F6: =SUM(D6*E6) -> 153.325 | G6: =F6 -> 153.325 | H6: =F6-G6 -> 0 | I6: 1276058 | J6: 0397003789920017 | K6: BANK MUSCAT | L6: BMUSOMRX | M6: 99498549
A7: 4 | B7: 1071 | C7: ALI MUSTAHIL MUBARAK ASAT AL SHIHRI | D7: 534.4 | E7: 0.25 | F7: =SUM(D7*E7) -> 133.6 | G7: =F7 -> 133.6 | H7: =F7-G7 -> 0 | I7: 390741 | J7: 01010120857001 | K7: BANK DHOFAR | L7: BDOFOMRU | M7: 99589144 | N7: 45679
A8: 5 | B8: 1086 | C8: Muslim Ali Said Hat AlShehri | D8: 1159.9 | E8: 0.25 | F8: =SUM(D8*E8) -> 289.975 | G8: =F8 -> 289.975 | H8: =F8-G8 -> 0 | I8: 2379573 | J8: 01010281105001 | K8: BANK DHOFAR | L8: BDOFOMRU | M8: 92917899 | N8: 45684
A9: 6 | B9: 1123 | C9: Hamid Mohammed Zidi Bait said | D9: 1196.1 | E9: 0.25 | F9: =SUM(D9*E9) -> 299.025 | G9: =F9 -> 299.025 | H9: =F9-G9 -> 0 | I9: 655141 | J9: 250097615001 | K9: HSBC | L9: BBMEOMRX | M9: 99485623 | N9: dcf-28-01-25
A10: 7 | B10: 1130 | C10: Hassan said jman alhalai | D10: 1178.6 | E10: 0.25 | F10: =SUM(D10*E10) -> 294.65 | G10: =F10 -> 294.65 | H10: =F10-G10 -> 0 | I10: 5485645 | J10: 0401003274570034 | K10: BANK MUSCAT | L10: BMUSOMRX | M10: 90977488
A11: 8 | B11: 1152 | C11: Mohammed Rajab Ali Al Mashikhi | D11: 1734.9 | E11: 0.25 | F11: =SUM(D11*E11) -> 433.725 | G11: =F11 -> 433.725 | H11: =F11-G11 -> 0 | I11: 5254327 | J11: 01011435284001 | K11: BANK DHOFAR | L11: BDOFOMRU | M11: 99692328
A12: 9 | B12: 1200 | C12: Muslim Ahmed Muslim AlKathiri | D12: 259.3 | E12: 0.25 | F12: =SUM(D12*E12) -> 64.825 | G12: =F12 -> 64.825 | H12: =F12-G12 -> 0 | I12: 7287174 | J12: 01010853216001 | K12: BANK DHOFAR | L12: BDOFOMRU | M12: 99673747 | N12: 45677
A13: 10 | B13: 1276 | C13: Masoud Salim Said Baitsaid | D13: 524.4 | E13: 0.25 | F13: =SUM(D13*E13) -> 131.1 | G13: =F13 -> 131.1 | H13: =F13-G13 -> 0 | I13: 334495 | J13: 0397003857450019 | K13: BANK MUSCAT | L13: BMUSOMRX | M13: 99170505
A14: 11 | B14: 1281 | C14: Salem Ali Masoud Baitsaid | D14: 1739 | E14: 0.25 | F14: =SUM(D14*E14) -> 434.75 | G14: =F14 -> 434.75 | H14: =F14-G14 -> 0 | I14: 6310986 | J14: 0406003431390019 | K14: BANK MUSCAT | L14: BMUSOMRX | M14: 92922944
A15: 12 | B15: 1308 | C15: Ahmed Said Mohammed Alash AlKathiri | D15: 610.7 | E15: 0.25 | F15: =SUM(D15*E15) -> 152.675 | G15: =F15 -> 152.675 | H15: =F15-G15 -> 0 | I15: 6225641 | J15: 01010407288003 | K15: BANK DHOFAR | L15: BDOFOMRU | M15: 92055550
A16: 13 | B16: 1337 | C16: Amer Bakhit Sohil Baitsaid | D16: 568.8 | E16: 0.25 | F16: =SUM(D16*E16) -> 142.2 | G16: =F16 -> 142.2 | H16: =F16-G16 -> 0 | I16: 6719626 | J16: 0401026589890018 | K16: BANK MUSCAT | L16: BMUSOMRX | M16: 97726288
A17: 14 | B17: 1339 | C17: Said Ahmed Ali Baitsaid | D17: 5067.5 | E17: 0.25 | F17: =SUM(D17*E17) -> 1266.875 | G17: =F17 -> 1266.875 | H17: =F17-G17 -> 0 | I17: 3090574 | J17: 01011207102001 | K17: BANK DHOFAR | L17: BDOFOMRU | M17: 99292421
A18: 15 | B18: 1340 | C18: Ahmed Suhail Ahmed Alash AlKathiri | D18: 974.6 | E18: 0.25 | F18: =SUM(D18*E18) -> 243.65 | G18: =F18 -> 243.65 | H18: =F18-G18 -> 0 | I18: 7279274 | J18: 0204003564210038 | K18: Bank Muscat | L18: BMUSOMRX | M18: 93808816 | N18: 45684
A19: 16 | B19: 1341 | C19: Mahad Suhail Mahad Baitsaid | D19: 1302.2 | E19: 0.25 | F19: =SUM(D19*E19) -> 325.55 | G19: =F19 -> 325.55 | H19: =F19-G19 -> 0 | I19: 15977579 | J19: 0439003370920023 | K19: Bank Muscat | L19: BMUSOMRX | M19: 92578822
A20: 17 | B20: 1342 | C20: Mohammed Ali Said Al Nubi Al Kathiri | D20: 543.9 | E20: 0.25 | F20: =SUM(D20*E20) -> 135.975 | G20: =F20 -> 135.975 | H20: =F20-G20 -> 0 | I20: 13950469 | J20: 0406003373420026 | K20: Bank Muscat | L20: BMUSOMRX | M20: 92341118 | N20: 45686 | O20: 45691
A21: 18 | B21: 1343 | C21: Masoud Mahad Masoud Baitsaid | D21: 1111.7 | E21: 0.25 | F21: =SUM(D21*E21) -> 277.925 | G21: =F21 -> 277.925 | H21: =F21-G21 -> 0 | I21: 5160297 | J21: 01013045567001 | K21: BANK DHOFAR | L21: BDOFOMRU | M21: 93501199 | N21: 45691
A22: 19 | B22: 1345 | C22: Salim Said Ali Bait said | D22: 5508 | E22: 0.25 | F22: =SUM(D22*E22) -> 1377 | G22: =F22 -> 1377 | H22: =F22-G22 -> 0 | I22: 10578952 | J22: 3109378368700 | K22: OAB | L22: OMABOMRU | M22: 92194382
A23: 20 | B23: 1349 | C23: Muslim Suhail Salem Baitsaid | D23: 2035.8 | E23: 0.25 | F23: =SUM(D23*E23) -> 508.95 | G23: =F23 -> 508.95 | H23: =F23-G23 -> 0 | I23: 7128679 | J23: 0406003474800016 | K23: BANK MUSCAT | L23: BMUSOMRX | M23: 91408836
A24: 21 | B24: 1350 | C24: Ahmed Salem Zayed Baitsaid | D24: 4168.8 | E24: 0.25 | F24: =SUM(D24*E24) -> 1042.2 | G24: =F24 -> 1042.2 | H24: =F24-G24 -> 0 | I24: 6752017 | J24: 0396003246310013 | K24: BANK MUSCAT | L24: BMUSOMRX | M24: 92520708
A25: 22 | B25: 1353 | C25: Salem Amer Said Baitsaid | D25: 5799.5 | E25: 0.25 | F25: =SUM(D25*E25) -> 1449.875 | G25: =F25 -> 1449.875 | H25: =F25-G25 -> 0 | I25: 5217694 | J25: 01011109062001 | K25: BANK DHOFAR | L25: BDOFOMRU | M25: 92749180
A26: 23 | B26: 1355 | C26: Ahmed Zaidi Mahroos Baitsaid | D26: 2342.8 | E26: 0.25 | F26: =SUM(D26*E26) -> 585.7 | G26: =F26 -> 585.7 | H26: =F26-G26 -> 0 | I26: 585058 | J26: 01010940683001 | K26: BANK DHOFAR | L26: BDOFOMRU | M26: 99055262 | N26: 45963
A27: 24 | B27: 1356 | C27: Said Salem Said Asout AlShehri | D27: 636.4 | E27: 0.25 | F27: =SUM(D27*E27) -> 159.1 | G27: =F27 -> 159.1 | H27: =F27-G27 -> 0 | I27: 7494112 | J27: 0397050056020018 | K27: BANK MUSCAT | L27: BMUSOMRX | M27: 99488186
A28: 25 | B28: 1362 | C28: Ali Masoud Salem Baitsaid | D28: 2329.6 | E28: 0.25 | F28: =SUM(D28*E28) -> 582.4 | G28: =F28 -> 582.4 | H28: =F28-G28 -> 0 | I28: 2429041 | J28: 0397003875270017 | K28: BANK MUSCAT | L28: BMUSOMRX | M28: 93663694
A29: 26 | B29: 1363 | C29: Suhail Ali Said AlKathiri | D29: 2444.1 | E29: 0.25 | F29: =SUM(D29*E29) -> 611.025 | G29: =F29 -> 611.025 | H29: =F29-G29 -> 0 | I29: 322352 | J29: 0406003153460019 | K29: BANK MUSCAT | L29: BMUSOMRX | M29: 98842645
A30: 27 | B30: 1364 | C30: Omar Bakhit Ahmed Al Hilali | D30: 572.9 | E30: 0.25 | F30: =SUM(D30*E30) -> 143.225 | G30: =F30 -> 143.225 | H30: =F30-G30 -> 0 | I30: 7113811 | J30: 01010123044001 | K30: BANK DHOFAR | L30: BDOFOMRU | M30: 92969982
A31: 28 | B31: 1366 | C31: Ahmed Salem Ali Kikab AlShehri | D31: 2331 | E31: 0.25 | F31: =SUM(D31*E31) -> 582.75 | G31: =F31 -> 582.75 | H31: =F31-G31 -> 0 | I31: 8318385 | J31: 0406015165020012 | K31: BANK MUSCAT | L31: BMUSOMRX | M31: 90660210 | N31: 45963
A32: 29 | B32: 1370 | C32: Mohammed Ali Nassib Kikab Al Shahri | D32: 1546.6 | E32: 0.25 | F32: =SUM(D32*E32) -> 386.65 | G32: =F32 -> 386.65 | H32: =F32-G32 -> 0 | I32: 14431965 | J32: 0439003719840022 | K32: BANK MUSCAT | L32: BMUSOMRX | M32: 99693775
A33: 30 | B33: 1371 | C33: Said Muhaisin Nassib Kikab AlShehri | D33: 1698.6 | E33: 0.25 | F33: =SUM(D33*E33) -> 424.65 | G33: =F33 -> 424.65 | H33: =F33-G33 -> 0 | I33: 990755 | J33: 1023260068017 | K33: NBO | L33: NBOMOMRX | M33: 92556210
A34: 31 | B34: 1372 | C34: Ali Said Zaidi Baitsaid | D34: 1436.1 | E34: 0.25 | F34: =SUM(D34*E34) -> 359.025 | G34: =F34 -> 359.025 | H34: =F34-G34 -> 0 | I34: 628655 | J34: 01040280343001 | K34: BANK DHOFAR | L34: BDOFOMRU | M34: 98976629
A35: 32 | B35: 1373 | C35: Salim Ahmed Tamman Baitsaid | D35: 610.2 | E35: 0.25 | F35: =SUM(D35*E35) -> 152.55 | G35: =F35 -> 152.55 | H35: =F35-G35 -> 0 | I35: 734281 | J35: 0397003883150015 | K35: BANK MUSCAT | L35: BMUSOMRX | M35: 99891516 | N35: 27-01-25-dcf
A36: 33 | B36: 1375 | C36: Muslim Mohammed Hassan Alash AlKathiri | D36: 602.7 | E36: 0.25 | F36: =SUM(D36*E36) -> 150.675 | G36: =F36 -> 150.675 | H36: =F36-G36 -> 0 | I36: 6748627 | J36: 0500067548104002 | K36: alizz Islamic Bank | L36: IZZBOMRU | M36: 93707700
A37: 34 | B37: 1377 | C37: Ali Masoud Awad Kikab AlShehri | D37: 564.8 | E37: 0.25 | F37: =SUM(D37*E37) -> 141.2 | G37: =F37 -> 141.2 | H37: =F37-G37 -> 0 | I37: 5160404 | J37: 01041074963001 | K37: BANK DHOFAR | L37: BDOFOMRU | M37: 91120322
A38: 35 | B38: 1378 | C38: Salem Ali Said Kikab AlShehri | D38: 2092.9 | E38: 0.25 | F38: =SUM(D38*E38) -> 523.225 | G38: =F38 -> 523.225 | H38: =F38-G38 -> 0 | I38: 5996404 | J38: 0439061391880013 | K38: Bank Muscat | L38: BMUSOMRX | M38: 98976878
A39: 36 | B39: 1381 | C39: Abdellah Masoud Said Al Shihri | D39: 595.2 | E39: 0.25 | F39: =SUM(D39*E39) -> 148.8 | G39: =F39 -> 148.8 | H39: =F39-G39 -> 0 | I39: 19847623 | J39: 10600349647017 | K39: NBO | L39: NBOMOMRX | M39: 92802427 | N39: 45684
A40: 37 | B40: 1390 | C40: Said Ahmed Said kikab Al shahri | D40: 542.2 | E40: 0.25 | F40: =SUM(D40*E40) -> 135.55 | G40: =F40 -> 135.55 | H40: =F40-G40 -> 0 | I40: 13826903 | J40: 0397021600910017 | K40: BANK MUSCAT | L40: BMUSOMRX
A41: 38 | B41: 1392 | C41: Ahmed Abdullah Ali Al Kathiri | D41: 1450.5 | E41: 0.25 | F41: =SUM(D41*E41) -> 362.625 | G41: =F41 -> 362.625 | H41: =F41-G41 -> 0 | I41: 1353348 | J41: 01010850137001 | K41: BANK DHOFAR | L41: BDOFOMRU
A42: 39 | B42: 1393 | C42: Said Ali Ahmed Amor Jid | D42: 576.5 | E42: 0.25 | F42: =SUM(D42*E42) -> 144.125 | G42: =F42 -> 144.125 | H42: =F42-G42 -> 0 | I42: 1650389 | J42: 0406018263680011 | K42: BANK MUSCAT | L42: BMUSOMRX | M42: 94264109
A43: 40 | B43: 1500 | C43: Musallam Salim Ahmed Har Al Kathiri | D43: 46.1 | E43: 0.25 | F43: =SUM(D43*E43) -> 11.525 | G43: =F43 -> 11.525 | H43: =F43-G43 -> 0 | I43: 19567469 | J43: 01011030152001 | K43: BANK DHOFAR | L43: BDOFOMRU | M43: 92265154
A44: 41 | B44: 1501 | C44: Said Mohamed Said Muslem Al Kathiri | D44: 182.5 | E44: 0.25 | F44: =SUM(D44*E44) -> 45.625 | G44: =F44 -> 45.625 | H44: =F44-G44 -> 0 | I44: 25657583 | J44: 0406051045320019 | K44: BANK MUSCAT | L44: BMUSOMRX
A45: 42 | B45: 1503 | C45: SAID MOHAMMED SAID AL HILALI | D45: 606.6 | E45: 0.25 | F45: =SUM(D45*E45) -> 151.65 | G45: =F45 -> 151.65 | H45: =F45-G45 -> 0 | I45: 8930607 | J45: 0426061663830011 | K45: BANK MUSCAT | L45: BMUSOMRX | M45: 92621425
A46: 43 | B46: 1504 | C46: SALIM ALI AHMED SHDAR ALKATHIRI | D46: 726.3 | E46: 0.25 | F46: =SUM(D46*E46) -> 181.575 | G46: =F46 -> 181.575 | H46: =F46-G46 -> 0 | I46: 381215 | J46: 0406003301170017 | K46: BANK MUSCAT | L46: BMUSOMRX | M46: 95110746 | N46: 45810
A47: 44 | B47: 1505 | C47: SALIM ALI MAHTOUQ AL SHIHRI | D47: 543.2 | E47: 0.25 | F47: =SUM(D47*E47) -> 135.8 | G47: =F47 -> 135.8 | H47: =F47-G47 -> 0 | N47: 45684
D48: =SUM(D4:D47) -> 64887.3 | E48: 0.25 | F48: =SUM(F4:F47) -> 16221.825 | G48: =SUM(G4:G47) -> 16221.825 | H48: =SUM(H4:H47) -> 0

Sheet center-dec
A1: Milk Chilling Centre(Ghado) - Monthly Cow Milk Procurement Report 01-12-2024 TO 31-12-2024
A2: SR. NO. | B2: Farmer Code | C2: Farmer Name | D2: Total Quantity Supplied(Lits) | E2: Cow Milk Price/Lit(OMR) | F2: Total Value Milk (OMR) | G2: Paid | H2: Balance | I2: ID No: | J2: Account No | K2: Bank Name | L2: IFSC Code | M2: Phone No: | N2: Remark
A4: 1 | B4: 1010 | C4: Ahmed Ajham Omar Aghrib AlShehri | D4: 2229.2 | E4: 0.25 | F4: =SUM(D4*E4) -> 557.3 | G4: =F4 -> 557.3 | H4: =F4-G4 -> 0 | I4: 315313 | J4: 1006237426001 | K4: NBO | L4: NBOMOMRX | M4: 92600441
A5: 2 | B5: 1038 | C5: Salem Ahmed Said Majdah AlKathiri | D5: 2034 | E5: 0.25 | F5: =SUM(D5*E5) -> 508.5 | G5: =F5 -> 508.5 | H5: =F5-G5 -> 0 | I5: 5247837 | J5: 0406003267180024 | K5: BANK MUSCAT | L5: BMUSOMRX | M5: 99441537
A6: 3 | B6: 1065 | C6: Ali Muhaisin Mohammed Humdi Al Saiari | D6: 637.9 | E6: 0.25 | F6: =SUM(D6*E6) -> 159.475 | G6: =F6 -> 159.475 | H6: =F6-G6 -> 0 | I6: 1276058 | J6: 0397003789920017 | K6: BANK MUSCAT | L6: BMUSOMRX | M6: 99498549
A7: 4 | B7: 1071 | C7: ALI MUSTAHIL MUBARAK ASAT AL SHIHRI | D7: 591.1 | E7: 0.25 | F7: =SUM(D7*E7) -> 147.775 | G7: =F7 -> 147.775 | H7: =F7-G7 -> 0 | I7: 390741 | J7: 01010120857001 | K7: BANK DHOFAR | L7: BDOFOMRU | M7: 99589144
A8: 5 | B8: 1086 | C8: Muslim Ali Said Hat AlShehri | D8: 1289.5 | E8: 0.25 | F8: =SUM(D8*E8) -> 322.375 | G8: =F8 -> 322.375 | H8: =F8-G8 -> 0 | I8: 2379573 | J8: 01010281105001 | K8: BANK DHOFAR | L8: BDOFOMRU | M8: 92917899
A9: 6 | B9: 1123 | C9: Hamid Mohammed Zidi Bait said | D9: 1132.8 | E9: 0.25 | F9: =SUM(D9*E9) -> 283.2 | G9: =F9 -> 283.2 | H9: =F9-G9 -> 0 | I9: 655141 | J9: 250097615001 | K9: HSBC | L9: BBMEOMRX | M9: 99485623 | N9: 18-2-25
A10: 7 | B10: 1130 | C10: Hassan said jman alhalai | D10: 1225.1 | E10: 0.25 | F10: =SUM(D10*E10) -> 306.275 | G10: =F10 -> 306.275 | H10: =F10-G10 -> 0 | I10: 5485645 | J10: 0401003274570034 | K10: BANK MUSCAT | L10: BMUSOMRX | M10: 90977488
A11: 8 | B11: 1152 | C11: Mohammed Rajab Ali Al Mashikhi | D11: 1860 | E11: 0.25 | F11: =SUM(D11*E11) -> 465 | G11: =F11 -> 465 | H11: =F11-G11 -> 0 | I11: 5254327 | J11: 01011435284001 | K11: BANK DHOFAR | L11: BDOFOMRU | M11: 99692328
A12: 9 | B12: 1200 | C12: Muslim Ahmed Muslim AlKathiri | D12: 243.2 | E12: 0.25 | F12: =SUM(D12*E12) -> 60.8 | G12: =F12 -> 60.8 | H12: =F12-G12 -> 0 | I12: 7287174 | J12: 01010853216001 | K12: BANK DHOFAR | L12: BDOFOMRU | M12: 99673747
A13: 10 | B13: 1276 | C13: Masoud Salim Said Baitsaid | D13: 497.5 | E13: 0.25 | F13: =SUM(D13*E13) -> 124.375 | G13: =F13 -> 124.375 | H13: =F13-G13 -> 0 | I13: 334495 | J13: 0397003857450019 | K13: BANK MUSCAT | L13: BMUSOMRX | M13: 99170505
A14: 11 | B14: 1281 | C14: Salem Ali Masoud Baitsaid | D14: 1860 | E14: 0.25 | F14: =SUM(D14*E14) -> 465 | G14: =F14 -> 465 | H14: =F14-G14 -> 0 | I14: 6310986 | J14: 0406003431390019 | K14: BANK MUSCAT | L14: BMUSOMRX | M14: 92922944
A15: 12 | B15: 1308 | C15: Ahmed Said Mohammed Alash AlKathiri | D15: 650.3 | E15: 0.25 | F15: =SUM(D15*E15) -> 162.575 | G15: =F15 -> 162.575 | H15: =F15-G15 -> 0 | I15: 6225641 | J15: 01010407288003 | K15: BANK DHOFAR | L15: BDOFOMRU | M15: 92055550
A16: 13 | B16: 1337 | C16: Amer Bakhit Sohil Baitsaid | D16: 632 | E16: 0.25 | F16: =SUM(D16*E16) -> 158 | G16: =F16 -> 158 | H16: =F16-G16 -> 0 | I16: 6719626 | J16: 0401026589890018 | K16: BANK MUSCAT | L16: BMUSOMRX | M16: 97726288
A17: 14 | B17: 1339 | C17: Said Ahmed Ali Baitsaid | D17: 5643.5 | E17: 0.25 | F17: =SUM(D17*E17) -> 1410.875 | G17: =F17 -> 1410.875 | H17: =F17-G17 -> 0 | I17: 3090574 | J17: 01011207102001 | K17: BANK DHOFAR | L17: BDOFOMRU | M17: 99292421
A18: 15 | B18: 1340 | C18: Ahmed Suhail Ahmed Alash AlKathiri | D18: 607.5 | E18: 0.25 | F18: =SUM(D18*E18) -> 151.875 | G18: =F18 -> 151.875 | H18: =F18-G18 -> 0 | I18: 7279274 | J18: 0204003564210038 | K18: Bank Muscat | L18: BMUSOMRX | M18: 93808816
A19: 16 | B19: 1341 | C19: Mahad Suhail Mahad Baitsaid | D19: 1388.8 | E19: 0.25 | F19: =SUM(D19*E19) -> 347.2 | G19: =F19 -> 347.2 | H19: =F19-G19 -> 0 | I19: 15977579 | J19: 0439003370920023 | K19: Bank Muscat | L19: BMUSOMRX | M19: 92578822
A20: 17 | B20: 1342 | C20: Mohammed Ali Said Al Nubi Al Kathiri | D20: 627.1 | E20: 0.25 | F20: =SUM(D20*E20) -> 156.775 | G20: =F20 -> 156.775 | H20: =F20-G20 -> 0 | I20: 13950469 | J20: 0406003373420026 | K20: Bank Muscat | L20: BMUSOMRX | M20: 92341118 | N20: 45692
A21: 18 | B21: 1343 | C21: Masoud Mahad Masoud Baitsaid | D21: 1223.9 | E21: 0.25 | F21: =SUM(D21*E21) -> 305.975 | G21: =F21 -> 305.975 | H21: =F21-G21 -> 0 | I21: 5160297 | J21: 01013045567001 | K21: BANK DHOFAR | L21: BDOFOMRU | M21: 93501199
A22: 19 | B22: 1345 | C22: Salim Said Ali Bait said | D22: 6192.9 | E22: 0.25 | F22: =SUM(D22*E22) -> 1548.225 | G22: =F22 -> 1548.225 | H22: =F22-G22 -> 0 | I22: 10578952 | J22: 3109378368700 | K22: OAB | L22: OMABOMRU | M22: 92194382
A23: 20 | B23: 1349 | C23: Muslim Suhail Salem Baitsaid | D23: 2338.2 | E23: 0.25 | F23: =SUM(D23*E23) -> 584.55 | G23: =F23 -> 584.55 | H23: =F23-G23 -> 0 | I23: 7128679 | J23: 0406003474800016 | K23: BANK MUSCAT | L23: BMUSOMRX | M23: 91408836
A24: 21 | B24: 1350 | C24: Ahmed Salem Zayed Baitsaid | D24: 4434.3 | E24: 0.25 | F24: =SUM(D24*E24) -> 1108.575 | G24: =F24 -> 1108.575 | H24: =F24-G24 -> 0 | I24: 6752017 | J24: 0396003246310013 | K24: BANK MUSCAT | L24: BMUSOMRX | M24: 92520708
A25: 22 | B25: 1353 | C25: Salem Amer Said Baitsaid | D25: 6180.3 | E25: 0.25 | F25: =SUM(D25*E25) -> 1545.075 | G25: =F25 -> 1545.075 | H25: =F25-G25 -> 0 | I25: 5217694 | J25: 01011109062001 | K25: BANK DHOFAR | L25: BDOFOMRU | M25: 92749180 | N25: 18-12-25 | O25: 402-dfi | P25: 1139.75 deduct form 01-25
A26: 23 | B26: 1355 | C26: Ahmed Zaidi Mahroos Baitsaid | D26: 2483.6 | E26: 0.25 | F26: =SUM(D26*E26) -> 620.9 | G26: =F26 -> 620.9 | H26: =F26-G26 -> 0 | I26: 585058 | J26: 01010940683001 | K26: BANK DHOFAR | L26: BDOFOMRU | M26: 99055262
A27: 24 | B27: 1356 | C27: Said Salem Said Asout AlShehri | D27: 759.9 | E27: 0.25 | F27: =SUM(D27*E27) -> 189.975 | G27: =F27 -> 189.975 | H27: =F27-G27 -> 0 | I27: 7494112 | J27: 0397050056020018 | K27: BANK MUSCAT | L27: BMUSOMRX | M27: 99488186
A28: 25 | B28: 1362 | C28: Ali Masoud Salem Baitsaid | D28: 2503.8 | E28: 0.25 | F28: =SUM(D28*E28) -> 625.95 | G28: =F28 -> 625.95 | H28: =F28-G28 -> 0 | I28: 2429041 | J28: 0397003875270017 | K28: BANK MUSCAT | L28: BMUSOMRX | M28: 93663694
A29: 26 | B29: 1363 | C29: Suhail Ali Said AlKathiri | D29: 2633.7 | E29: 0.25 | F29: =SUM(D29*E29) -> 658.425 | G29: =F29 -> 658.425 | H29: =F29-G29 -> 0 | I29: 322352 | J29: 0406003153460019 | K29: BANK MUSCAT | L29: BMUSOMRX | M29: 98842645
A30: 27 | B30: 1364 | C30: Omar Bakhit Ahmed Al Hilali | D30: 614.5 | E30: 0.25 | F30: =SUM(D30*E30) -> 153.625 | G30: =F30 -> 153.625 | H30: =F30-G30 -> 0 | I30: 7113811 | J30: 01010123044001 | K30: BANK DHOFAR | L30: BDOFOMRU | M30: 92969982
A31: 28 | B31: 1366 | C31: Ahmed Salem Ali Kikab AlShehri | D31: 2498.1 | E31: 0.25 | F31: =SUM(D31*E31) -> 624.525 | G31: =F31 -> 624.525 | H31: =F31-G31 -> 0 | I31: 8318385 | J31: 0406015165020012 | K31: BANK MUSCAT | L31: BMUSOMRX | M31: 90660210
A32: 29 | B32: 1370 | C32: Mohammed Ali Nassib Kikab Al Shahri | D32: 1345.4 | E32: 0.25 | F32: =SUM(D32*E32) -> 336.35 | G32: =F32 -> 336.35 | H32: =F32-G32 -> 0 | I32: 14431965 | J32: 0439003719840022 | K32: BANK MUSCAT | L32: BMUSOMRX | M32: 99693775
A33: 30 | B33: 1371 | C33: Said Muhaisin Nassib Kikab AlShehri | D33: 1851.7 | E33: 0.25 | F33: =SUM(D33*E33) -> 462.925 | G33: =F33 -> 462.925 | H33: =F33-G33 -> 0 | I33: 990755 | J33: 1023260068017 | K33: NBO | L33: NBOMOMRX | M33: 92556210
A34: 31 | B34: 1372 | C34: Ali Said Zaidi Baitsaid | D34: 1794.1 | E34: 0.25 | F34: =SUM(D34*E34) -> 448.525 | G34: =F34 -> 448.525 | H34: =F34-G34 -> 0 | I34: 628655 | J34: 01040280343001 | K34: BANK DHOFAR | L34: BDOFOMRU | M34: 98976629
A35: 32 | B35: 1373 | C35: Salim Ahmed Tamman Baitsaid | D35: 654.4 | E35: 0.25 | F35: =SUM(D35*E35) -> 163.6 | G35: =F35 -> 163.6 | H35: =F35-G35 -> 0 | I35: 734281 | J35: 0397003883150015 | K35: BANK MUSCAT | L35: BMUSOMRX | M35: 99891516 | N35: 25-2-25
A36: 33 | B36: 1375 | C36: Muslim Mohammed Hassan Alash AlKathiri | D36: 655 | E36: 0.25 | F36: =SUM(D36*E36) -> 163.75 | G36: =F36 -> 163.75 | H36: =F36-G36 -> 0 | I36: 6748627 | J36: 0500067548104002 | K36: alizz Islamic Bank | L36: IZZBOMRU | M36: 93707700
A37: 34 | B37: 1377 | C37: Ali Masoud Awad Kikab AlShehri | D37: 572.7 | E37: 0.25 | F37: =SUM(D37*E37) -> 143.175 | G37: =F37 -> 143.175 | H37: =F37-G37 -> 0 | I37: 5160404 | J37: 01041074963001 | K37: BANK DHOFAR | L37: BDOFOMRU | M37: 91120322
A38: 35 | B38: 1378 | C38: Salem Ali Said Kikab AlShehri | D38: 2039.8 | E38: 0.25 | F38: =SUM(D38*E38) -> 509.95 | G38: =F38 -> 509.95 | H38: =F38-G38 -> 0 | I38: 5996404 | J38: 0439061391880013 | K38: Bank Muscat | L38: BMUSOMRX | M38: 98976878
A39: 36 | B39: 1381 | C39: Abdellah Masoud Said Al Shihri | D39: 633.8 | E39: 0.25 | F39: =SUM(D39*E39) -> 158.45 | G39: =F39 -> 158.45 | H39: =F39-G39 -> 0 | I39: 19847623 | J39: 10600349647017 | K39: NBO | L39: NBOMOMRX | M39: 92802427 | N39: 20-2-25 | P39: .250 will deduct from jan 25
A40: 37 | B40: 1390 | C40: Said Ahmed Said kikab Al shahri | D40: 484.3 | E40: 0.25 | F40: =SUM(D40*E40) -> 121.075 | G40: =F40 -> 121.075 | H40: =F40-G40 -> 0 | I40: 13826903 | J40: 0397021600910017 | K40: BANK MUSCAT | L40: BMUSOMRX
A41: 38 | B41: 1392 | C41: Ahmed Abdullah Ali Al Kathiri | D41: 1549.2 | E41: 0.25 | F41: =SUM(D41*E41) -> 387.3 | G41: =F41 -> 387.3 | H41: =F41-G41 -> 0 | I41: 1353348 | J41: 01010850137001 | K41: BANK DHOFAR | L41: BDOFOMRU
A42: 39 | B42: 1393 | C42: Said Ali Ahmed Amor Jid | D42: 628.3 | E42: 0.25 | F42: =SUM(D42*E42) -> 157.075 | G42: =F42 -> 157.075 | H42: =F42-G42 -> 0 | I42: 1650389 | J42: 0406018263680011 | K42: BANK MUSCAT | L42: BMUSOMRX | M42: 94264109
A43: 40 | B43: 1500 | C43: Musallam Salim Ahmed Har Al Kathiri | D43: 234.3 | E43: 0.25 | F43: =SUM(D43*E43) -> 58.575 | G43: =F43 -> 58.575 | H43: =F43-G43 -> 0 | I43: 19567469 | J43: 01011030152001 | K43: BANK DHOFAR | L43: BDOFOMRU | M43: 92265154
A44: 41 | B44: 1501 | C44: Said Mohamed Said Muslem Al Kathiri | D44: 382.3 | E44: 0.25 | F44: =SUM(D44*E44) -> 95.575 | G44: =F44 -> 95.575 | H44: =F44-G44 -> 0 | I44: 25657583 | J44: 0406051045320019 | K44: BANK MUSCAT | L44: BMUSOMRX
A45: 42 | B45: 1503 | C45: SAID MOHAMMED SAID AL HILALI | D45: 650.9 | E45: 0.25 | F45: =SUM(D45*E45) -> 162.725 | G45: =F45 -> 162.725 | H45: =F45-G45 -> 0 | I45: 8930607 | J45: 0426061663830011 | K45: BANK MUSCAT | L45: BMUSOMRX | M45: 92621425
A46: 43 | B46: 1504 | C46: SALIM ALI AHMED SHDAR ALKATHIRI | D46: 780.5 | E46: 0.25 | F46: =SUM(D46*E46) -> 195.125 | G46: =F46 -> 195.125 | H46: =F46-G46 -> 0 | I46: 381215 | J46: 0406003301170017 | K46: BANK MUSCAT | L46: BMUSOMRX | M46: 95110746
A47: 44 | B47: 1505 | C47: SALIM ALI MAHTOUQ AL SHIHRI | D47: 611.9 | E47: 0.25 | F47: =SUM(D47*E47) -> 152.975 | G47: =F47 -> 152.975 | H47: =F47-G47 -> 0 | I47: 6668659 | J47: 0439015807570025 | K47: BANK MUSCAT | L47: BMUSOMRX
D48: =SUM(D4:D47) -> 69881.3 | E48: 0.25 | F48: =SUM(F4:F47) -> 17470.325 | G48: =SUM(G4:G47) -> 17470.325 | H48: =SUM(H4:H47) -> 0

Sheet Purcahse Request
A6: AL MOROOJ DAIRY CO SAOC
A7: CR NO:1249988
A8: P.O BOX: 1385,PC-211
A9: VAT:OM1100091687
A10: SALALAH, SULTANATE OF OMAN
A12: PURCHASE REQUEST
A14: Farmer Name | B14: =IFERROR(VLOOKUP(B15,#REF!, 2, FALSE), "") | D14: PR Ref:
A15: Farmer Code | B15: 1343 | D15: PR Date: | E15: =TODAY() -> 46033
A16: Farmer ID | B16: =IFERROR(VLOOKUP(B15,#REF!, 8, FALSE), "")
A18: أسم المنتج / Product | B18: الوزن بالكيلوا / Weight | C18: السعر / Price | D18: الكمية / Quantity | E18: إجمالي المبلغ / Total
A19: مراعي ظفار Marai Dhofar | B19: 50 | C19: 6.25 | D19: 0 | E19: =C19*D19 -> 0 | F19: =IFERROR(VLOOKUP(B15,#REF!,7,FALSE),"") | G19: 1 | H19: =IFERROR(VLOOKUP(B15,#REF!,3,FALSE),"") | K19: .
A20: مراعي ظفار Marai Dhofar | B20: 40 | C20: 4.85 | D20: 0 | E20: =C20*D20 -> 0 | F20: =IFERROR(VLOOKUP(B15,#REF!,7,FALSE),"") | G20: 2 | H20: =IFERROR(VLOOKUP(B15,#REF!,3,FALSE),"")
A21: العلف الكامل Whole Feed | B21: 40 | C21: 4.75 | D21: 0 | E21: =C21*D21 -> 0 | F21: =IFERROR(VLOOKUP(B15,#REF!,7,FALSE),"") | G21: 3 | H21: =IFERROR(VLOOKUP(B15,#REF!,3,FALSE),"")
A22: التسمين السريع Rapid Growth | B22: 50 | C22: 6.85 | D22: 0 | E22: =C22*D22 -> 0 | F22: =IFERROR(VLOOKUP(B15,#REF!, 7,FALSE),"") | G22: 4 | H22: =IFERROR(VLOOKUP(B15,#REF!, 3,FALSE),"")
A23: التسمين السريع Rapid Growth | B23: 40 | C23: 5.35 | D23: 0 | E23: =C23*D23 -> 0 | O23: -
A24: نخالة القمح Wheat Bran | B24: 45 | C24: 4.15 | D24: 0 | E24: =C24*D24 -> 0 | F24: =SUM(F16:F23) -> 0 | G24: Totall
A25: علف ادرار الحليب Milk-producing Feed | B25: 50 | C25: 7.25 | D25: 0 | E25: =C25*D25 -> 0 | F25: 3 | G25: Month
A26: الإجمالي / Total | D26: 0 | E26: =SUM(E19:E25) -> 0 | F26: =IF(TRIM(F25)="1", VLOOKUP(B15,#REF!,7,FALSE)-E26, IF(TRIM(F25)="2", VLOOKUP(B15,#REF!,7,FALSE)-E26, IF(TRIM(F25)="1,2", VLOOKUP(B15,#REF!,7,FALSE)+VLOOKUP(B15,#REF!,7,FALSE)-E26, IF(TRIM(F25)="1,2,3", VLOOKUP(B15,#REF!,7,FALSE)+VLOOKUP(B15,#REF!,7,FALSE)+VLOOKUP(B15,#REF!,7,FALSE)-E26, IF(TRIM(F25)="2,3", VLOOKUP(B15,#REF!,7,FALSE)+VLOOKUP(B15,#REF!,7,FALSE)-E26, IF(TRIM(F25)="3", VLOOKUP(B15,#REF!,7,FALSE)-E26, "")))))) -> #REF!
A31: شركة المروج للألبان
A33: Al Morooj Dairy Co
A37: email id: feeds@almoroojdairy.om
A38: Tel: +96 23202611,23294248

Sheet Farmer Document
A6: AL MOROOJ DAIRY CO SAOC
A7: CR NO:1249988
A8: P.O BOX: 1385,PC-211
A9: VAT:OM1100091687
A10: SALALAH, SULTANATE OF OMAN
A12: PURCHASE REQUEST
A14: Farmer Name | B14: =IFERROR(VLOOKUP(B15,'Center-Nov'!B4:J47, 2, FALSE), "") -> Masoud Mahad Masoud Baitsaid | C14: PR Ref:
A15: Farmer Code | B15: 1343 | C15: PR Date | D15: =TODAY() -> 46033
A16: Farmer ID | B16: =IFERROR(VLOOKUP(B15,'Center-Nov'!B4:I47, 6, FALSE),"") -> 277.925
A18: SL | B18: أسم المنتج / Product | C18: الوزن بالكيلوا / Weight | D18: الكمية / Quantity
A19: 1 | B19: مراعي ظفار Marai Dhofar | C19: 50 | D19: ='Purcahse Request'!D19 -> 0
A20: 2 | B20: مراعي ظفار Marai Dhofar | C20: 40 | D20: ='Purcahse Request'!D20 -> 0
A21: 3 | B21: العلف الكامل Whole Feed | C21: 40 | D21: ='Purcahse Request'!D21 -> 0
A22: 4 | B22: التسمين السريع Rapid Growth | C22: 50 | D22: ='Purcahse Request'!D22 -> 0
A23: 5 | B23: التسمين السريع Rapid Growth | C23: 40 | D23: ='Purcahse Request'!D23 -> 0
A24: 6 | B24: نخالة القمح Wheat Bran | C24: 45 | D24: ='Purcahse Request'!D24 -> 0
A25: 7 | B25: علف ادرار الحليب Milk-producing Feed | C25: 50 | D25: ='Purcahse Request'!D25 -> 0
A27: Remark: | D27: ملاحظة:
A28: 1.The customer are agreed to transfer the full feeds as per the purchase request signed | C28: 1- أنا العميل الموقع أدناه موافق على شحن الكمية الموضحة في طلب الشراء بالكامل
A29: 2.All the farmer should bring the ID copy. Without ID proof, feeds will not issue | C29: 2- على جميع المربين احضار نسخة من البطاقة الشخصية , بدون البطاقة الشخصية لن يتم صرف الاعلاف
A38: توقيع العميل
A39: Customer Signature

Sheet Aug 25
A1: Milk Chilling Centre(Ghado) - Monthly Cow Milk Procurement Report 01-08-2025 TO 31-08-2025
A2: Farmer Code | B2: Farmer Name | C2: Total Quantity Supplied(Lits) | D2: Cow Milk Price/Lit(OMR) | E2: Total Value Milk (OMR) | F2: Paid | G2: Balance | H2: ID No: | I2: Account No | J2: Bank Name | K2: IFSC Code | L2: Phone No: | M2: Remark
A4: 1010 | B4: Ahmed Ajham Omar Aghrib AlShehri | C4: 2130.5 | D4: 0.25 | E4: =SUM(C4*D4) -> 532.625 | F4: =495.145+37.48 -> 532.625 | G4: =E4-F4 -> 0 | H4: 315313 | I4: 1006237426001 | J4: NBO | K4: NBOMOMRX | L4: 92600441 | M4: 22-10-2025
A5: 1038 | B5: Salem Ahmed Said Majdah AlKathiri | C5: 2037.8 | D5: 0.25 | E5: =SUM(C5*D5) -> 509.45 | G5: =E5-F5 -> 509.45 | H5: 5247837 | I5: 0406003267180024 | J5: BANK MUSCAT | K5: BMUSOMRX | L5: 99441537
A6: 1065 | B6: Ali Muhaisin Mohammed Humdi Al Saiari | C6: 620 | D6: 0.25 | E6: =SUM(C6*D6) -> 155 | F6: =E6 -> 155 | G6: =E6-F6 -> 0 | H6: 1276058 | I6: 0397003789920017 | J6: BANK MUSCAT | K6: BMUSOMRX | L6: 99498549 | M6: 22-10-25
A7: 1071 | B7: ALI MUSTAHIL MUBARAK ASAT AL SHIHRI | C7: 620 | D7: 0.25 | E7: =SUM(C7*D7) -> 155 | F7: =154.04+0.96 -> 155 | G7: =E7-F7 -> 0 | H7: 390741 | I7: 01010120857001 | J7: BANK DHOFAR | K7: BDOFOMRU | L7: 99589144 | M7: 20-10-2025 | N7: 45972
A8: 1086 | B8: Muslim Ali Said Hat AlShehri | C8: 1240 | D8: 0.25 | E8: =SUM(C8*D8) -> 310 | F8: =307.49+2.51 -> 310 | G8: =E8-F8 -> 0 | H8: 2379573 | I8: 01010281105001 | J8: BANK DHOFAR | K8: BDOFOMRU | L8: 92917899 | M8: 45945 | N8: 27-10-25
A9: 1123 | B9: Hamid Mohammed Zidi Bait said | C9: 1324.9 | D9: 0.25 | E9: =SUM(C9*D9) -> 331.225 | F9: =328.7+2.525 -> 331.225 | G9: =E9-F9 -> 0 | H9: 655141 | I9: 250097615001 | J9: HSBC | K9: BBMEOMRX | L9: 99485623 | M9: 45945 | N9: 27-10-25
A10: 1130 | B10: Hassan said jman alhalai | C10: 1129.9 | D10: 0.25 | E10: =SUM(C10*D10) -> 282.475 | G10: =E10-F10 -> 282.475 | H10: 5485645 | I10: 0401003274570034 | J10: BANK MUSCAT | K10: BMUSOMRX | L10: 90977488
A11: 1152 | B11: Mohammed Rajab Ali Al Mashikhi | C11: 1859 | D11: 0.25 | E11: =SUM(C11*D11) -> 464.75 | G11: =E11-F11 -> 464.75 | H11: 5254327 | I11: 01011435284001 | J11: BANK DHOFAR | K11: BDOFOMRU | L11: 99692328
A12: 1200 | B12: Muslim Ahmed Muslim AlKathiri | C12: 733.4 | D12: 0.25 | E12: =SUM(C12*D12) -> 183.35 | G12: =E12-F12 -> 183.35 | H12: 7287174 | I12: 01010853216001 | J12: BANK DHOFAR | K12: BDOFOMRU | L12: 99673747
A13: 1276 | B13: Masoud Salim Said Baitsaid | C13: 619.5 | D13: 0.25 | E13: =SUM(C13*D13) -> 154.875 | G13: =E13-F13 -> 154.875 | H13: 334495 | I13: 0397003857450019 | J13: BANK MUSCAT | K13: BMUSOMRX | L13: 99170505
A14: 1281 | B14: Salem Ali Masoud Baitsaid | C14: 1858 | D14: 0.25 | E14: =SUM(C14*D14) -> 464.5 | G14: =E14-F14 -> 464.5 | H14: 6310986 | I14: 0406003431390019 | J14: BANK MUSCAT | K14: BMUSOMRX | L14: 92922944
A15: 1308 | B15: Ahmed Said Mohammed Alash AlKathiri | C15: 619.5 | D15: 0.25 | E15: =SUM(C15*D15) -> 154.875 | G15: =E15-F15 -> 154.875 | H15: 6225641 | I15: 01010407288003 | J15: BANK DHOFAR | K15: BDOFOMRU | L15: 92055550
A16: 1337 | B16: Amer Bakhit Sohil Baitsaid | C16: 620 | D16: 0.25 | E16: =SUM(C16*D16) -> 155 | F16: =152.67+2.33 -> 155 | G16: =E16-F16 -> 0 | H16: 6719626 | I16: 0401026589890018 | J16: BANK MUSCAT | K16: BMUSOMRX | L16: 97726288 | M16: 19-10-2025
A17: 1339 | B17: Said Ahmed Ali Baitsaid | C17: 5675.2 | D17: 0.25 | E17: =SUM(C17*D17) -> 1418.8 | F17: 1414.32 | G17: =E17-F17 -> 4.48 | H17: 3090574 | I17: 01011207102001 | J17: BANK DHOFAR | K17: BDOFOMRU | L17: 99292421 | M17: 45758
A18: 1340 | B18: Ahmed Suhail Ahmed Alash AlKathiri | C18: 1103.1 | D18: 0.25 | E18: =SUM(C18*D18) -> 275.775 | F18: =273.045+2.73 -> 275.775 | G18: =E18-F18 -> 0 | H18: 7279274 | I18: 0204003564210038 | J18: Bank Muscat | K18: BMUSOMRX | L18: 93808816 | M18: 20-10-2025 | N18: 45972
A19: 1341 | B19: Mahad Suhail Mahad Baitsaid | C19: 1422.3 | D19: 0.25 | E19: =SUM(C19*D19) -> 355.575 | G19: =E19-F19 -> 355.575 | H19: 15977579 | I19: 0439003370920023 | J19: Bank Muscat | K19: BMUSOMRX | L19: 92578822
A20: 1342 | B20: Mohammed Ali Said Al Nubi Al Kathiri | C20: 468.1 | D20: 0.25 | E20: =SUM(C20*D20) -> 117.025 | F20: =E20 -> 117.025 | G20: =E20-F20 -> 0 | H20: 13950469 | I20: 0406003373420026 | J20: Bank Muscat | K20: BMUSOMRX | L20: 92341118 | M20: 27-10-25
A21: 1343 | B21: Masoud Mahad Masoud Baitsaid | C21: 1240 | D21: 0.25 | E21: =SUM(C21*D21) -> 310 | F21: =309.9+0.1 -> 310 | G21: =E21-F21 -> 0 | H21: 5160297 | I21: 01013045567001 | J21: BANK DHOFAR | K21: BDOFOMRU | L21: 93501199 | M21: 45972 | N21: BT-11-12-2025
A22: 1345 | B22: Salim Said Ali Bait said | C22: 5283.5 | D22: 0.25 | E22: =SUM(C22*D22) -> 1320.875 | G22: =E22-F22 -> 1320.875 | H22: 10578952 | I22: 3109378368700 | J22: OAB | K22: OMABOMRU | L22: 92194382
A23: 1349 | B23: Muslim Suhail Salem Baitsaid | C23: 688.1 | D23: 0.25 | E23: =SUM(C23*D23) -> 172.025 | G23: =E23-F23 -> 172.025 | H23: 7128679 | I23: 0406003474800016 | J23: BANK MUSCAT | K23: BMUSOMRX | L23: 91408836
A24: 1350 | B24: Ahmed Salem Zayed Baitsaid | C24: 4440.4 | D24: 0.25 | E24: =SUM(C24*D24) -> 1110.1 | G24: =E24-F24 -> 1110.1 | H24: 6752017 | I24: 0396003246310013 | J24: BANK MUSCAT | K24: BMUSOMRX | L24: 92520708
A25: 1353 | B25: Salem Amer Said Baitsaid | C25: 6200 | D25: 0.25 | E25: =SUM(C25*D25) -> 1550 | F25: =E25 -> 1550 | G25: =E25-F25 -> 0 | H25: 5217694 | I25: 01011109062001 | J25: BANK DHOFAR | K25: BDOFOMRU | L25: 92749180 | M25: 45945
A26: 1355 | B26: Ahmed Zaidi Mahroos Baitsaid | C26: 2053.1 | D26: 0.25 | E26: =SUM(C26*D26) -> 513.275 | G26: =E26-F26 -> 513.275 | H26: 585058 | I26: 01010940683001 | J26: BANK DHOFAR | K26: BDOFOMRU | L26: 99055262
A27: 1356 | B27: Said Salem Said Asout AlShehri | C27: 1240 | D27: 0.25 | E27: =SUM(C27*D27) -> 310 | G27: =E27-F27 -> 310 | H27: 7494112 | I27: 0397050056020018 | J27: BANK MUSCAT | K27: BMUSOMRX | L27: 99488186
A28: 1362 | B28: Ali Masoud Salem Baitsaid | C28: 1921.7 | D28: 0.25 | E28: =SUM(C28*D28) -> 480.425 | F28: =E28 -> 480.425 | G28: =E28-F28 -> 0 | H28: 2429041 | I28: 0397003875270017 | J28: BANK MUSCAT | K28: BMUSOMRX | L28: 93663694 | M28: 22-10-25
A29: 1363 | B29: Suhail Ali Said AlKathiri | C29: 1990.7 | D29: 0.25 | E29: =SUM(C29*D29) -> 497.675 | G29: =E29-F29 -> 497.675 | H29: 322352 | I29: 0406003153460019 | J29: BANK MUSCAT | K29: BMUSOMRX | L29: 98842645
A30: 1364 | B30: Omar Bakhit Ahmed Al Hilali | C30: 528.1 | D30: 0.25 | E30: =SUM(C30*D30) -> 132.025 | G30: =E30-F30 -> 132.025 | H30: 7113811 | I30: 01010123044001 | J30: BANK DHOFAR | K30: BDOFOMRU | L30: 92969982
A31: 1366 | B31: Ahmed Salem Ali Kikab AlShehri | C31: 2491.6 | D31: 0.25 | E31: =SUM(C31*D31) -> 622.9 | F31: =622.41+0.49 -> 622.9 | G31: =E31-F31 -> 0 | H31: 8318385 | I31: 0406015165020012 | J31: BANK MUSCAT | K31: BMUSOMRX | L31: 90660210 | M31: 22-10-25 | N31: 45758
A32: 1370 | B32: Mohammed Ali Nassib Kikab Al Shahri | C32: 1854.2 | D32: 0.25 | E32: =SUM(C32*D32) -> 463.55 | G32: =E32-F32 -> 463.55 | H32: 14431965 | I32: 0439003719840022 | J32: BANK MUSCAT | K32: BMUSOMRX | L32: 99693775
A33: 1371 | B33: Said Muhaisin Nassib Kikab AlShehri | C33: 1860 | D33: 0.25 | E33: =SUM(C33*D33) -> 465 | G33: =E33-F33 -> 465 | H33: 990755 | I33: 1023260068017 | J33: NBO | K33: NBOMOMRX | L33: 92556210
A34: 1372 | B34: Ali Said Zaidi Baitsaid | C34: 1776.5 | D34: 0.25 | E34: =SUM(C34*D34) -> 444.125 | G34: =E34-F34 -> 444.125 | H34: 628655 | I34: 01040280343001 | J34: BANK DHOFAR | K34: BDOFOMRU | L34: 98976629
A35: 1373 | B35: Salim Ahmed Tamman Baitsaid | C35: 619.8 | D35: 0.25 | E35: =SUM(C35*D35) -> 154.95 | F35: =154.49+0.46 -> 154.95 | G35: =E35-F35 -> 0 | H35: 734281 | I35: 0397003883150015 | J35: BANK MUSCAT | K35: BMUSOMRX | L35: 99891516 | M35: 45945 | N35: 45788
A36: 1375 | B36: Muslim Mohammed Hassan Alash AlKathiri | C36: 617.7 | D36: 0.25 | E36: =SUM(C36*D36) -> 154.425 | G36: =E36-F36 -> 154.425 | H36: 6748627 | I36: 0500067548104002 | J36: alizz Islamic Bank | K36: IZZBOMRU | L36: 93707700
A37: 1377 | B37: Ali Masoud Awad Kikab AlShehri | C37: 606 | D37: 0.25 | E37: =SUM(C37*D37) -> 151.5 | F37: =150.1+1.4 -> 151.5 | G37: =E37-F37 -> 0 | H37: 5160404 | I37: 01041074963001 | J37: BANK DHOFAR | K37: BDOFOMRU | L37: 91120322 | M37: 45945 | N37: 20-11-25
A38: 1378 | B38: Salem Ali Said Kikab AlShehri | C38: 2471.7 | D38: 0.25 | E38: =SUM(C38*D38) -> 617.925 | F38: =E38 -> 617.925 | G38: =E38-F38 -> 0 | H38: 5996404 | I38: 0439061391880013 | J38: Bank Muscat | K38: BMUSOMRX | L38: 98976878 | M38: 14-10-25
A39: 1381 | B39: Abdellah Masoud Said Al Shihri | C39: 615.1 | D39: 0.25 | E39: =SUM(C39*D39) -> 153.775 | F39: =E39 -> 153.775 | G39: =E39-F39 -> 0 | H39: 19847623 | I39: 10600349647017 | J39: NBO | K39: NBOMOMRX | L39: 92802427 | M39: 14-10-25
A40: 1390 | B40: Said Ali Said kikab Al shahri | C40: 596.6 | D40: 0.25 | E40: =SUM(C40*D40) -> 149.15 | F40: =146.45+2.7 -> 149.15 | G40: =E40-F40 -> 0 | H40: 13826903 | I40: 0406022111070053 | J40: BANK MUSCAT | K40: BMUSOMRX | M40: 20-10-2025 | N40: 16-12-25
A41: 1392 | B41: Ahmed Abdullah Ali Al Kathiri | C41: 1550 | D41: 0.25 | E41: =SUM(C41*D41) -> 387.5 | G41: =E41-F41 -> 387.5 | H41: 1353348 | I41: 01010850137001 | J41: BANK DHOFAR | K41: BDOFOMRU
A42: 1393 | B42: Said Ali Ahmed Amor Jid | C42: 615.5 | D42: 0.25 | E42: =SUM(C42*D42) -> 153.875 | F42: =153.68+0.195 -> 153.875 | G42: =E42-F42 -> 0 | H42: 1650389 | I42: 0406018263680011 | J42: BANK MUSCAT | K42: BMUSOMRX | L42: 94264109 | M42: 45945 | N42: 45758
A43: 1500 | B43: Musallam Salim Ahmed Har Al Kathiri | C43: 0 | D43: 0.25 | E43: =SUM(C43*D43) -> 0 | G43: =E43-F43 -> 0 | H43: 19567469 | I43: 01011030152001 | J43: BANK DHOFAR | K43: BDOFOMRU | L43: 92265154
A44: 1501 | B44: Said Mohamed Said Muslem Al Kathiri | C44: 486.9 | D44: 0.25 | E44: =SUM(C44*D44) -> 121.725 | F44: =E44 -> 121.725 | G44: =E44-F44 -> 0 | H44: 25657583 | I44: 0406051045320019 | J44: BANK MUSCAT | K44: BMUSOMRX | M44: 45669
A45: 1503 | B45: SAID MOHAMMED SAID AL HILALI | C45: 614.4 | D45: 0.25 | E45: =SUM(C45*D45) -> 153.6 | G45: =E45-F45 -> 153.6 | H45: 8930607 | I45: 0426061663830011 | J45: BANK MUSCAT | K45: BMUSOMRX | L45: 92621425
A46: 1504 | B46: SALIM ALI AHMED SHDAR ALKATHIRI | C46: 942.4 | D46: 0.25 | E46: =SUM(C46*D46) -> 235.6 | F46: =233.275+2.325 -> 235.6 | G46: =E46-F46 -> 0 | H46: 381215 | I46: 0406003301170017 | J46: BANK MUSCAT | K46: BMUSOMRX | L46: 95110746 | M46: 45945 | N46: 30-10-2025
A47: 1505 | B47: SALIM ALI MAHTOUQ AL SHIHRI | C47: 608.3 | D47: 0.25 | E47: =SUM(C47*D47) -> 152.075 | F47: =148.9+3.175 -> 152.075 | G47: =E47-F47 -> 0 | H47: 6668659 | I47: 0439015807570025 | J47: BANK MUSCAT | K47: BMUSOMRX | M47: 45945 | N47: 45788
C48: =SUM(C4:C47) -> 67993.5 | D48: 0.25 | E48: =SUM(E4:E47) -> 16998.375 | F48: =SUM(F4:F47) -> 8299.87 | G48: =SUM(G4:G47) -> 8698.505

Sheet SEP-25
A1: Milk Chilling Centre(Ghado) - Monthly Cow Milk Procurement Report 01-08-2025 TO 31-08-2025
A2: Farmer Code | B2: Farmer Name | C2: Total Quantity Supplied(Lits) | D2: Cow Milk Price/Lit(OMR) | E2: Total Value Milk (OMR) | F2: Total Value Milk (OMR) | G2: Balance | H2: ID No: | I2: Account No | J2: Bank Name | K2: IFSC Code | L2: Phone No: | M2: Remark
A4: 1010 | B4: Ahmed Ajham Omar Aghrib AlShehri | C4: 1860 | D4: 0.25 | E4: =SUM(C4*D4) -> 465 | F4: =462.57+2.43 -> 465 | G4: =E4-F4 -> 0 | H4: 315313 | I4: 1006237426001 | J4: NBO | K4: NBOMOMRX | L4: 92600441 | M4: 22-10-2025 | N4: 16-12-25
A5: 1038 | B5: Salem Ahmed Said Majdah AlKathiri | C5: 1912.7 | D5: 0.25 | E5: =SUM(C5*D5) -> 478.175 | G5: =E5-F5 -> 478.175 | H5: 5247837 | I5: 0406003267180024 | J5: BANK MUSCAT | K5: BMUSOMRX | L5: 99441537
A6: 1065 | B6: Ali Muhaisin Mohammed Humdi Al Saiari | C6: 578.6 | D6: 0.25 | E6: =SUM(C6*D6) -> 144.65 | F6: =141.64+3.01 -> 144.65 | G6: =E6-F6 -> 0 | H6: 1276058 | I6: 0397003789920017 | J6: BANK MUSCAT | K6: BMUSOMRX | L6: 99498549 | M6: 22-10-25 | N6: 16-12-25
A7: 1071 | B7: ALI MUSTAHIL MUBARAK ASAT AL SHIHRI | C7: 575.9 | D7: 0.25 | E7: =SUM(C7*D7) -> 143.975 | F7: =141.39+2.585 -> 143.975 | G7: =E7-F7 -> 0 | H7: 390741 | I7: 01010120857001 | J7: BANK DHOFAR | K7: BDOFOMRU | L7: 99589144 | M7: 45972 | N7: 16-12-25
A8: 1086 | B8: Muslim Ali Said Hat AlShehri | C8: 1160 | D8: 0.25 | E8: =SUM(C8*D8) -> 290 | F8: =287.24+2.76 -> 290 | G8: =E8-F8 -> 0 | H8: 2379573 | I8: 01010281105001 | J8: BANK DHOFAR | K8: BDOFOMRU | L8: 92917899 | M8: 27-10-25 | N8: 45942
A9: 1123 | B9: Hamid Mohammed Zidi Bait said | C9: 1250.4 | D9: 0.25 | E9: =SUM(C9*D9) -> 312.6 | F9: =309.32+3.28 -> 312.6 | G9: =E9-F9 -> 0 | H9: 655141 | I9: 250097615001 | J9: HSBC | K9: BBMEOMRX | L9: 99485623 | M9: 27-10-25 | N9: 16-12-25
A10: 1130 | B10: Hassan said jman alhalai | C10: 1092.7 | D10: 0.25 | E10: =SUM(C10*D10) -> 273.175 | G10: =E10-F10 -> 273.175 | H10: 5485645 | I10: 0401003274570034 | J10: BANK MUSCAT | K10: BMUSOMRX | L10: 90977488
A11: 1152 | B11: Mohammed Rajab Ali Al Mashikhi | C11: 1675.5 | D11: 0.25 | E11: =SUM(C11*D11) -> 418.875 | G11: =E11-F11 -> 418.875 | H11: 5254327 | I11: 01011435284001 | J11: BANK DHOFAR | K11: BDOFOMRU | L11: 99692328
A12: 1200 | B12: Muslim Ahmed Muslim AlKathiri | C12: 857.9 | D12: 0.25 | E12: =SUM(C12*D12) -> 214.475 | G12: =E12-F12 -> 214.475 | H12: 7287174 | I12: 01010853216001 | J12: BANK DHOFAR | K12: BDOFOMRU | L12: 99673747
A13: 1276 | B13: Masoud Salim Said Baitsaid | C13: 550 | D13: 0.25 | E13: =SUM(C13*D13) -> 137.5 | G13: =E13-F13 -> 137.5 | H13: 334495 | I13: 0397003857450019 | J13: BANK MUSCAT | K13: BMUSOMRX | L13: 99170505
A14: 1281 | B14: Salem Ali Masoud Baitsaid | C14: 1703.2 | D14: 0.25 | E14: =SUM(C14*D14) -> 425.8 | G14: =E14-F14 -> 425.8 | H14: 6310986 | I14: 0406003431390019 | J14: BANK MUSCAT | K14: BMUSOMRX | L14: 92922944
A15: 1308 | B15: Ahmed Said Mohammed Alash AlKathiri | C15: 580 | D15: 0.25 | E15: =SUM(C15*D15) -> 145 | G15: =E15-F15 -> 145 | H15: 6225641 | I15: 01010407288003 | J15: BANK DHOFAR | K15: BDOFOMRU | L15: 92055550
A16: 1337 | B16: Amer Bakhit Sohil Baitsaid | C16: 576.7 | D16: 0.25 | E16: =SUM(C16*D16) -> 144.175 | F16: =E16 -> 144.175 | G16: =E16-F16 -> 0 | H16: 6719626 | I16: 0401026589890018 | J16: BANK MUSCAT | K16: BMUSOMRX | L16: 97726288 | M16: BT 28-10-2025
A17: 1339 | B17: Said Ahmed Ali Baitsaid | C17: 5317 | D17: 0.25 | E17: =SUM(C17*D17) -> 1329.25 | G17: =E17-F17 -> 1329.25 | H17: 3090574 | I17: 01011207102001 | J17: BANK DHOFAR | K17: BDOFOMRU | L17: 99292421
A18: 1340 | B18: Ahmed Suhail Ahmed Alash AlKathiri | C18: 602.3 | D18: 0.25 | E18: =SUM(C18*D18) -> 150.575 | F18: =150.57+0.005 -> 150.575 | G18: =E18-F18 -> 0 | H18: 7279274 | I18: 0204003564210038 | J18: Bank Muscat | K18: BMUSOMRX | L18: 93808816 | M18: 45972 | N18: 31-12-25
A19: 1341 | B19: Mahad Suhail Mahad Baitsaid | C19: 1334 | D19: 0.25 | E19: =SUM(C19*D19) -> 333.5 | G19: =E19-F19 -> 333.5 | H19: 15977579 | I19: 0439003370920023 | J19: Bank Muscat | K19: BMUSOMRX | L19: 92578822
A20: 1342 | B20: Mohammed Ali Said Al Nubi Al Kathiri | C20: 210.2 | D20: 0.25 | E20: =SUM(C20*D20) -> 52.55 | F20: =48.78+3.77 -> 52.55 | G20: =E20-F20 -> 0 | H20: 13950469 | I20: 0406003373420026 | J20: Bank Muscat | K20: BMUSOMRX | L20: 92341118 | M20: 27-10-25 | N20: 23-12-25
A21: 1343 | B21: Masoud Mahad Masoud Baitsaid | C21: 1160 | D21: 0.25 | E21: =SUM(C21*D21) -> 290 | F21: =E21 -> 290 | G21: =E21-F21 -> 0 | H21: 5160297 | I21: 01013045567001 | J21: BANK DHOFAR | K21: BDOFOMRU | L21: 93501199 | M21: BT-11-12-2025
A22: 1345 | B22: Salim Said Ali Bait said | C22: 5310.5 | D22: 0.25 | E22: =SUM(C22*D22) -> 1327.625 | G22: =E22-F22 -> 1327.625 | H22: 10578952 | I22: 3109378368700 | J22: OAB | K22: OMABOMRU | L22: 92194382
A23: 1349 | B23: Muslim Suhail Salem Baitsaid | C23: 549.8 | D23: 0.25 | E23: =SUM(C23*D23) -> 137.45 | G23: =E23-F23 -> 137.45 | H23: 7128679 | I23: 0406003474800016 | J23: BANK MUSCAT | K23: BMUSOMRX | L23: 91408836
A24: 1350 | B24: Ahmed Salem Zayed Baitsaid | C24: 4167 | D24: 0.25 | E24: =SUM(C24*D24) -> 1041.75 | G24: =E24-F24 -> 1041.75 | H24: 6752017 | I24: 0396003246310013 | J24: BANK MUSCAT | K24: BMUSOMRX | L24: 92520708
A25: 1353 | B25: Salem Amer Said Baitsaid | C25: 5800 | D25: 0.25 | E25: =SUM(C25*D25) -> 1450 | F25: =0.63+1445.3+4.07 -> 1450 | G25: =E25-F25 -> 0 | H25: 5217694 | I25: 01011109062001 | J25: BANK DHOFAR | K25: BDOFOMRU | L25: 92749180 | M25: 45945 | N25: 17-11-25 | O25: 16-12-25
A26: 1355 | B26: Ahmed Zaidi Mahroos Baitsaid | C26: 2290.1 | D26: 0.25 | E26: =SUM(C26*D26) -> 572.525 | G26: =E26-F26 -> 572.525 | H26: 585058 | I26: 01010940683001 | J26: BANK DHOFAR | K26: BDOFOMRU | L26: 99055262
A27: 1356 | B27: Said Salem Said Asout AlShehri | C27: 1160 | D27: 0.25 | E27: =SUM(C27*D27) -> 290 | G27: =E27-F27 -> 290 | H27: 7494112 | I27: 0397050056020018 | J27: BANK MUSCAT | K27: BMUSOMRX | L27: 99488186
A28: 1362 | B28: Ali Masoud Salem Baitsaid | C28: 1706.9 | D28: 0.25 | E28: =SUM(C28*D28) -> 426.725 | F28: =418.273+8.452 -> 426.725 | G28: =E28-F28 -> 0 | H28: 2429041 | I28: 0397003875270017 | J28: BANK MUSCAT | K28: BMUSOMRX | L28: 93663694 | M28: 22-10-25 | N28: 24-12-25
A29: 1363 | B29: Suhail Ali Said AlKathiri | C29: 2107.6 | D29: 0.25 | E29: =SUM(C29*D29) -> 526.9 | G29: =E29-F29 -> 526.9 | H29: 322352 | I29: 0406003153460019 | J29: BANK MUSCAT | K29: BMUSOMRX | L29: 98842645
A30: 1364 | B30: Omar Bakhit Ahmed Al Hilali | C30: 537.2 | D30: 0.25 | E30: =SUM(C30*D30) -> 134.3 | G30: =E30-F30 -> 134.3 | H30: 7113811 | I30: 01010123044001 | J30: BANK DHOFAR | K30: BDOFOMRU | L30: 92969982
A31: 1366 | B31: Ahmed Salem Ali Kikab AlShehri | C31: 2275.8 | D31: 0.25 | E31: =SUM(C31*D31) -> 568.95 | F31: =568.91+0.04 -> 568.95 | G31: =E31-F31 -> 0 | H31: 8318385 | I31: 0406015165020012 | J31: BANK MUSCAT | K31: BMUSOMRX | L31: 90660210 | M31: 45758 | N31: 17-11-25
A32: 1370 | B32: Mohammed Ali Nassib Kikab Al Shahri | C32: 1738.5 | D32: 0.25 | E32: =SUM(C32*D32) -> 434.625 | G32: =E32-F32 -> 434.625 | H32: 14431965 | I32: 0439003719840022 | J32: BANK MUSCAT | K32: BMUSOMRX | L32: 99693775
A33: 1371 | B33: Said Muhaisin Nassib Kikab AlShehri | C33: 1740 | D33: 0.25 | E33: =SUM(C33*D33) -> 435 | G33: =E33-F33 -> 435 | H33: 990755 | I33: 1023260068017 | J33: NBO | K33: NBOMOMRX | L33: 92556210
A34: 1372 | B34: Ali Said Zaidi Baitsaid | C34: 1667.8 | D34: 0.25 | E34: =SUM(C34*D34) -> 416.95 | G34: =E34-F34 -> 416.95 | H34: 628655 | I34: 01040280343001 | J34: BANK DHOFAR | K34: BDOFOMRU | L34: 98976629
A35: 1373 | B35: Salim Ahmed Tamman Baitsaid | C35: 511.5 | D35: 0.25 | E35: =SUM(C35*D35) -> 127.875 | F35: =127.79+0.085 -> 127.875 | G35: =E35-F35 -> 0 | H35: 734281 | I35: 0397003883150015 | J35: BANK MUSCAT | K35: BMUSOMRX | L35: 99891516 | M35: 45788 | N35: 16-12-25
A36: 1375 | B36: Muslim Mohammed Hassan Alash AlKathiri | C36: 578 | D36: 0.25 | E36: =SUM(C36*D36) -> 144.5 | G36: =E36-F36 -> 144.5 | H36: 6748627 | I36: 0500067548104002 | J36: alizz Islamic Bank | K36: IZZBOMRU | L36: 93707700
A37: 1377 | B37: Ali Masoud Awad Kikab AlShehri | C37: 550.1 | D37: 0.25 | E37: =SUM(C37*D37) -> 137.525 | F37: =136.35+1.175 -> 137.525 | G37: =E37-F37 -> 0 | H37: 5160404 | I37: 01041074963001 | J37: BANK DHOFAR | K37: BDOFOMRU | L37: 91120322 | M37: 20-11-25 | N37: 23-12-25
A38: 1378 | B38: Salem Ali Said Kikab AlShehri | C38: 2295.7 | D38: 0.25 | E38: =SUM(C38*D38) -> 573.925 | F38: =0.909999999999961+570+3.015 -> 573.925 | G38: =E38-F38 -> 0 | H38: 5996404 | I38: 0439061391880013 | J38: Bank Muscat | K38: BMUSOMRX | L38: 98976878 | M38: 14-10-25 | N38: 45788 | O38: 16-12-25
A39: 1381 | B39: Abdellah Masoud Said Al Shihri | C39: 575.9 | D39: 0.25 | E39: =SUM(C39*D39) -> 143.975 | F39: =1.08+142.5+0.395 -> 143.975 | G39: =E39-F39 -> 0 | H39: 19847623 | I39: 10600349647017 | J39: NBO | K39: NBOMOMRX | L39: 92802427 | M39: 14-10-25 | N39: 45788 | O39: 16-12-25
A40: 1390 | B40: Said Ali Said kikab Al shahri | C40: 574.1 | D40: 0.25 | E40: =SUM(C40*D40) -> 143.525 | F40: =E40 -> 143.525 | G40: =E40-F40 -> 0 | H40: 13826903 | I40: 0406022111070053 | J40: BANK MUSCAT | K40: BMUSOMRX | M40: 16-12-25
A41: 1392 | B41: Ahmed Abdullah Ali Al Kathiri | C41: 1450 | D41: 0.25 | E41: =SUM(C41*D41) -> 362.5 | G41: =E41-F41 -> 362.5 | H41: 1353348 | I41: 01010850137001 | J41: BANK DHOFAR | K41: BDOFOMRU
A42: 1393 | B42: Said Ali Ahmed Amor Jid | C42: 578.3 | D42: 0.25 | E42: =SUM(C42*D42) -> 144.575 | F42: =142.31+2.265 -> 144.575 | G42: =E42-F42 -> 0 | H42: 1650389 | I42: 0406018263680011 | J42: BANK MUSCAT | K42: BMUSOMRX | L42: 94264109 | M42: 45758 | N42: 16-12-25
A43: 1500 | B43: Musallam Salim Ahmed Har Al Kathiri | C43: 33.3 | D43: 0.25 | E43: =SUM(C43*D43) -> 8.325 | G43: =E43-F43 -> 8.325 | H43: 19567469 | I43: 01011030152001 | J43: BANK DHOFAR | K43: BDOFOMRU | L43: 92265154
A44: 1501 | B44: Said Mohamed Said Muslem Al Kathiri | C44: 237 | D44: 0.25 | E44: =SUM(C44*D44) -> 59.25 | F44: =55.26 -> 55.26 | G44: =E44-F44 -> 3.99 | H44: 25657583 | I44: 0406051045320019 | J44: BANK MUSCAT | K44: BMUSOMRX | M44: 45669
A45: 1503 | B45: SAID MOHAMMED SAID AL HILALI | C45: 563.9 | D45: 0.25 | E45: =SUM(C45*D45) -> 140.975 | G45: =E45-F45 -> 140.975 | H45: 8930607 | I45: 0426061663830011 | J45: BANK MUSCAT | K45: BMUSOMRX | L45: 92621425
A46: 1504 | B46: SALIM ALI AHMED SHDAR ALKATHIRI | C46: 830.1 | D46: 0.25 | E46: =SUM(C46*D46) -> 207.525 | F46: =206.67+0.855 -> 207.525 | G46: =E46-F46 -> 0 | H46: 381215 | I46: 0406003301170017 | J46: BANK MUSCAT | K46: BMUSOMRX | L46: 95110746 | M46: 30-10-2025 | N46: 16-12-25
A47: 1505 | B47: SALIM ALI MAHTOUQ AL SHIHRI | C47: 541.6 | D47: 0.25 | E47: =SUM(C47*D47) -> 135.4 | F47: =134.58+0.82 -> 135.4 | G47: =E47-F47 -> 0 | H47: 6668659 | I47: 0439015807570025 | J47: BANK MUSCAT | K47: BMUSOMRX | M47: 45788 | N47: 16-12-25
C48: =SUM(C4:C47) -> 63367.8 | D48: 0.25 | E48: =SUM(E4:E47) -> 15841.95 | F48: =SUM(F4:F47) -> 6108.785 | G48: =SUM(G4:G47) -> 9733.165

Sheet oct25
A1: Milk Chilling Centre(Ghado) - Monthly Cow Milk Procurement Report 01-10-2025 TO 31-10-2025
A2: Farmer Code | B2: Farmer Name | C2: Total Quantity Supplied(Lits) | D2: Cow Milk Price/Lit(OMR) | E2: Total Value Milk (OMR) | F2: Paid | G2: Balance | H2: ID No: | I2: Account No | J2: Bank Name | K2: IFSC Code | L2: Phone No: | M2: Remark
A4: 1010 | B4: Ahmed Ajham Omar Aghrib AlShehri | C4: 1376.5 | D4: 0.25 | E4: =SUM(C4*D4) -> 344.125 | F4: =170.82+173.25 -> 344.07 | G4: =E4-F4 -> 0.055 | H4: 315313 | I4: 1006237426001 | J4: NBO | K4: NBOMOMRX | L4: 92600441 | M4: 16-12-25 | N4: 24-12-25
A5: 1038 | B5: Salem Ahmed Said Majdah AlKathiri | C5: 2045.5 | D5: 0.25 | E5: =SUM(C5*D5) -> 511.375 | G5: =E5-F5 -> 511.375 | H5: 5247837 | I5: 0406003267180024 | J5: BANK MUSCAT | K5: BMUSOMRX | L5: 99441537
A6: 1065 | B6: Ali Muhaisin Mohammed Humdi Al Saiari | C6: 598.2 | D6: 0.25 | E6: =SUM(C6*D6) -> 149.55 | F6: 148.99 | G6: =E6-F6 -> 0.56 | H6: 1276058 | I6: 0397003789920017 | J6: BANK MUSCAT | K6: BMUSOMRX | L6: 99498549 | M6: 16-12-25
A7: 1071 | B7: ALI MUSTAHIL MUBARAK ASAT AL SHIHRI | C7: 614.7 | D7: 0.25 | E7: =SUM(C7*D7) -> 153.675 | F7: 150.86 | G7: =E7-F7 -> 2.815 | H7: 390741 | I7: 01010120857001 | J7: BANK DHOFAR | K7: BDOFOMRU | L7: 99589144 | M7: 16-12-25
A8: 1086 | B8: Muslim Ali Said Hat AlShehri | C8: 1215 | D8: 0.25 | E8: =SUM(C8*D8) -> 303.75 | F8: =E8 -> 303.75 | G8: =E8-F8 -> 0 | H8: 2379573 | I8: 01010281105001 | J8: BANK DHOFAR | K8: BDOFOMRU | L8: 92917899 | M8: 45942 | N8: 0.39
A9: 1123 | B9: Hamid Mohammed Zidi Bait said | C9: 1340.1 | D9: 0.25 | E9: =SUM(C9*D9) -> 335.025 | F9: 328.37 | G9: =E9-F9 -> 6.655 | H9: 655141 | I9: 250097615001 | J9: HSBC | K9: BBMEOMRX | L9: 99485623 | M9: 16-12-25
A10: 1130 | B10: Hassan said jman alhalai | C10: 1151.7 | D10: 0.25 | E10: =SUM(C10*D10) -> 287.925 | G10: =E10-F10 -> 287.925 | H10: 5485645 | I10: 0401003274570034 | J10: BANK MUSCAT | K10: BMUSOMRX | L10: 90977488
A11: 1152 | B11: Mohammed Rajab Ali Al Mashikhi | C11: 1495.3 | D11: 0.25 | E11: =SUM(C11*D11) -> 373.825 | G11: =E11-F11 -> 373.825 | H11: 5254327 | I11: 01011435284001 | J11: BANK DHOFAR | K11: BDOFOMRU | L11: 99692328
A12: 1200 | B12: Muslim Ahmed Muslim AlKathiri | C12: 889.4 | D12: 0.25 | E12: =SUM(C12*D12) -> 222.35 | G12: =E12-F12 -> 222.35 | H12: 7287174 | I12: 01010853216001 | J12: BANK DHOFAR | K12: BDOFOMRU | L12: 99673747
A13: 1276 | B13: Masoud Salim Said Baitsaid | C13: 591.8 | D13: 0.25 | E13: =SUM(C13*D13) -> 147.95 | G13: =E13-F13 -> 147.95 | H13: 334495 | I13: 0397003857450019 | J13: BANK MUSCAT | K13: BMUSOMRX | L13: 99170505
A14: 1281 | B14: Salem Ali Masoud Baitsaid | C14: 1759.8 | D14: 0.25 | E14: =SUM(C14*D14) -> 439.95 | G14: =E14-F14 -> 439.95 | H14: 6310986 | I14: 0406003431390019 | J14: BANK MUSCAT | K14: BMUSOMRX | L14: 92922944
A15: 1308 | B15: Ahmed Said Mohammed Alash AlKathiri | C15: 616.6 | D15: 0.25 | E15: =SUM(C15*D15) -> 154.15 | G15: =E15-F15 -> 154.15 | H15: 6225641 | I15: 01010407288003 | J15: BANK DHOFAR | K15: BDOFOMRU | L15: 92055550
A16: 1337 | B16: Amer Bakhit Sohil Baitsaid | C16: 585.7 | D16: 0.25 | E16: =SUM(C16*D16) -> 146.425 | F16: 142.5 | G16: =E16-F16 -> 3.925 | H16: 6719626 | I16: 0401026589890018 | J16: BANK MUSCAT | K16: BMUSOMRX | L16: 97726288 | M16: 31-12-25
A17: 1339 | B17: Said Ahmed Ali Baitsaid | C17: 5664.8 | D17: 0.25 | E17: =SUM(C17*D17) -> 1416.2 | G17: =E17-F17 -> 1416.2 | H17: 3090574 | I17: 01011207102001 | J17: BANK DHOFAR | K17: BDOFOMRU | L17: 99292421
A18: 1340 | B18: Ahmed Suhail Ahmed Alash AlKathiri | C18: 973.9 | D18: 0.25 | E18: =SUM(C18*D18) -> 243.475 | F18: 240.89498 | G18: =E18-F18 -> 2.5800206 | H18: 7279274 | I18: 0204003564210038 | J18: Bank Muscat | K18: BMUSOMRX | L18: 93808816 | M18: 31-12-25
A19: 1341 | B19: Mahad Suhail Mahad Baitsaid | C19: 1423.7 | D19: 0.25 | E19: =SUM(C19*D19) -> 355.925 | G19: =E19-F19 -> 355.925 | H19: 15977579 | I19: 0439003370920023 | J19: Bank Muscat | K19: BMUSOMRX | L19: 92578822
A20: 1342 | B20: Mohammed Ali Said Al Nubi Al Kathiri | C20: 352.2 | D20: 0.25 | E20: =SUM(C20*D20) -> 88.05 | F20: 86.48 | G20: =E20-F20 -> 1.57 | H20: 13950469 | I20: 0406003373420026 | J20: Bank Muscat | K20: BMUSOMRX | L20: 92341118 | M20: 23-12-25
A21: 1343 | B21: Masoud Mahad Masoud Baitsaid | C21: 1231 | D21: 0.25 | E21: =SUM(C21*D21) -> 307.75 | F21: =306.9 -> 306.9 | G21: =E21-F21 -> 0.85 | H21: 5160297 | I21: 01013045567001 | J21: BANK DHOFAR | K21: BDOFOMRU | L21: 93501199 | M21: 16-12-25
A22: 1345 | B22: Salim Said Ali Bait said | C22: 5429 | D22: 0.25 | E22: =SUM(C22*D22) -> 1357.25 | G22: =E22-F22 -> 1357.25 | H22: 10578952 | I22: 3109378368700 | J22: OAB | K22: OMABOMRU | L22: 92194382
A23: 1349 | B23: Muslim Suhail Salem Baitsaid | C23: 1845 | D23: 0.25 | E23: =SUM(C23*D23) -> 461.25 | G23: =E23-F23 -> 461.25 | H23: 7128679 | I23: 0406003474800016 | J23: BANK MUSCAT | K23: BMUSOMRX | L23: 91408836
A24: 1350 | B24: Ahmed Salem Zayed Baitsaid | C24: 4469.5 | D24: 0.25 | E24: =SUM(C24*D24) -> 1117.375 | G24: =E24-F24 -> 1117.375 | H24: 6752017 | I24: 0396003246310013 | J24: BANK MUSCAT | K24: BMUSOMRX | L24: 92520708
A25: 1353 | B25: Salem Amer Said Baitsaid | C25: 5984.6 | D25: 0.25 | E25: =SUM(C25*D25) -> 1496.15 | F25: 1495.78 | G25: =E25-F25 -> 0.37 | H25: 5217694 | I25: 01011109062001 | J25: BANK DHOFAR | K25: BDOFOMRU | L25: 92749180 | M25: 16-12-25
A26: 1355 | B26: Ahmed Zaidi Mahroos Baitsaid | C26: 2081.4 | D26: 0.25 | E26: =SUM(C26*D26) -> 520.35 | G26: =E26-F26 -> 520.35 | H26: 585058 | I26: 01010940683001 | J26: BANK DHOFAR | K26: BDOFOMRU | L26: 99055262
A27: 1356 | B27: Said Salem Said Asout AlShehri | C27: 1235.9 | D27: 0.25 | E27: =SUM(C27*D27) -> 308.975 | G27: =E27-F27 -> 308.975 | H27: 7494112 | I27: 0397050056020018 | J27: BANK MUSCAT | K27: BMUSOMRX | L27: 99488186
A28: 1362 | B28: Ali Masoud Salem Baitsaid | C28: 1850 | D28: 0.25 | E28: =SUM(C28*D28) -> 462.5 | F28: 461.8 | G28: =E28-F28 -> 0.7 | H28: 2429041 | I28: 0397003875270017 | J28: BANK MUSCAT | K28: BMUSOMRX | L28: 93663694 | M28: 24-12-25
A29: 1363 | B29: Suhail Ali Said AlKathiri | C29: 2570.8 | D29: 0.25 | E29: =SUM(C29*D29) -> 642.7 | G29: =E29-F29 -> 642.7 | H29: 322352 | I29: 0406003153460019 | J29: BANK MUSCAT | K29: BMUSOMRX | L29: 98842645
A30: 1364 | B30: Omar Bakhit Ahmed Al Hilali | C30: 611.7 | D30: 0.25 | E30: =SUM(C30*D30) -> 152.925 | G30: =E30-F30 -> 152.925 | H30: 7113811 | I30: 01010123044001 | J30: BANK DHOFAR | K30: BDOFOMRU | L30: 92969982
A31: 1366 | B31: Ahmed Salem Ali Kikab AlShehri | C31: 2482.3 | D31: 0.25 | E31: =SUM(C31*D31) -> 620.575 | F31: 620.46 | G31: =E31-F31 -> 0.115 | H31: 8318385 | I31: 0406015165020012 | J31: BANK MUSCAT | K31: BMUSOMRX | L31: 90660210 | M31: 17-11-25
A32: 1370 | B32: Mohammed Ali Nassib Kikab Al Shahri | C32: 1860 | D32: 0.25 | E32: =SUM(C32*D32) -> 465 | G32: =E32-F32 -> 465 | H32: 14431965 | I32: 0439003719840022 | J32: BANK MUSCAT | K32: BMUSOMRX | L32: 99693775
A33: 1371 | B33: Said Muhaisin Nassib Kikab AlShehri | C33: 1841 | D33: 0.25 | E33: =SUM(C33*D33) -> 460.25 | G33: =E33-F33 -> 460.25 | H33: 990755 | I33: 1023260068017 | J33: NBO | K33: NBOMOMRX | L33: 92556210
A34: 1372 | B34: Ali Said Zaidi Baitsaid | C34: 1243.3 | D34: 0.25 | E34: =SUM(C34*D34) -> 310.825 | G34: =E34-F34 -> 310.825 | H34: 628655 | I34: 01040280343001 | J34: BANK DHOFAR | K34: BDOFOMRU | L34: 98976629
A35: 1373 | B35: Salim Ahmed Tamman Baitsaid | C35: 476.1 | D35: 0.25 | E35: =SUM(C35*D35) -> 119.025 | F35: 118.72 | G35: =E35-F35 -> 0.305 | H35: 734281 | I35: 0397003883150015 | J35: BANK MUSCAT | K35: BMUSOMRX | L35: 99891516 | M35: 16-12-25
A36: 1375 | B36: Muslim Mohammed Hassan Alash AlKathiri | C36: 618 | D36: 0.25 | E36: =SUM(C36*D36) -> 154.5 | G36: =E36-F36 -> 154.5 | H36: 6748627 | I36: 0500067548104002 | J36: alizz Islamic Bank | K36: IZZBOMRU | L36: 93707700
A37: 1377 | B37: Ali Masoud Awad Kikab AlShehri | C37: 592.1 | D37: 0.25 | E37: =SUM(C37*D37) -> 148.025 | F37: 146.07 | G37: =E37-F37 -> 1.955 | H37: 5160404 | I37: 01041074963001 | J37: BANK DHOFAR | K37: BDOFOMRU | L37: 91120322 | M37: 23-12-25
A38: 1378 | B38: Salem Ali Said Kikab AlShehri | C38: 2322.5 | D38: 0.25 | E38: =SUM(C38*D38) -> 580.625 | F38: 576.49 | G38: =E38-F38 -> 4.135 | H38: 5996404 | I38: 0439061391880013 | J38: Bank Muscat | K38: BMUSOMRX | L38: 98976878 | M38: 16-12-25
A39: 1381 | B39: Abdellah Masoud Said Al Shihri | C39: 611 | D39: 0.25 | E39: =SUM(C39*D39) -> 152.75 | F39: 148.11 | G39: =E39-F39 -> 4.64 | H39: 19847623 | I39: 10600349647017 | J39: NBO | K39: NBOMOMRX | L39: 92802427 | M39: 16-12-25
A40: 1390 | B40: Said Ali Said kikab Al shahri | C40: 610.5 | D40: 0.25 | E40: =SUM(C40*D40) -> 152.625 | F40: 148.275 | G40: =E40-F40 -> 4.35 | H40: 13826903 | I40: 0406022111070053 | J40: BANK MUSCAT | K40: BMUSOMRX | M40: 16-12-25
A41: 1392 | B41: Ahmed Abdullah Ali Al Kathiri | C41: 1550 | D41: 0.25 | E41: =SUM(C41*D41) -> 387.5 | G41: =E41-F41 -> 387.5 | H41: 1353348 | I41: 01010850137001 | J41: BANK DHOFAR | K41: BDOFOMRU
A42: 1393 | B42: Said Ali Ahmed Amor Jid | C42: 615.3 | D42: 0.25 | E42: =SUM(C42*D42) -> 153.825 | F42: =149.74 -> 149.74 | G42: =E42-F42 -> 4.085 | H42: 1650389 | I42: 0406018263680011 | J42: BANK MUSCAT | K42: BMUSOMRX | L42: 94264109 | M42: 16-12-25
A43: 1500 | B43: Musallam Salim Ahmed Har Al Kathiri | C43: 0 | D43: 0.25 | E43: =SUM(C43*D43) -> 0 | G43: =E43-F43 -> 0 | H43: 19567469 | I43: 01011030152001 | J43: BANK DHOFAR | K43: BDOFOMRU | L43: 92265154
A44: 1501 | B44: Said Mohamed Said Muslem Al Kathiri | C44: 148.5 | D44: 0.25 | E44: =SUM(C44*D44) -> 37.125 | G44: =E44-F44 -> 37.125 | H44: 25657583 | I44: 0406051045320019 | J44: BANK MUSCAT | K44: BMUSOMRX | L44: 93972300
A45: 1503 | B45: SAID MOHAMMED SAID AL HILALI | C45: 596.3 | D45: 0.25 | E45: =SUM(C45*D45) -> 149.075 | G45: =E45-F45 -> 149.075 | H45: 8930607 | I45: 0426061663830011 | J45: BANK MUSCAT | K45: BMUSOMRX | L45: 92621425
A46: 1504 | B46: SALIM ALI AHMED SHDAR ALKATHIRI | C46: 1172 | D46: 0.25 | E46: =SUM(C46*D46) -> 293 | F46: 291.19 | G46: =E46-F46 -> 1.81 | H46: 381215 | I46: 0406003301170017 | J46: BANK MUSCAT | K46: BMUSOMRX | L46: 95110746 | M46: 16-12-25
A47: 1505 | B47: SALIM ALI MAHTOUQ AL SHIHRI | C47: 553.2 | D47: 0.25 | E47: =SUM(C47*D47) -> 138.3 | F47: 137.78 | G47: =E47-F47 -> 0.52 | H47: 6668659 | I47: 0439015807570025 | J47: BANK MUSCAT | K47: BMUSOMRX | L47: 92142246 | M47: 16-12-25
C48: =SUM(C4:C47) -> 67295.9 | D48: 0.25 | E48: =SUM(E4:E47) -> 16823.975 | F48: =SUM(F4:F47) -> 6347.23 | G48: =SUM(G4:G47) -> 10476.745

Sheet nov-25
A1: Milk Chilling Centre(Ghado) - Monthly Cow Milk Procurement Report 01-11-2025 TO 30-11-2025
A2: Farmer Code | B2: Farmer Name | C2: Total Quantity Supplied(Lits) | D2: Cow Milk Price/Lit(OMR) | E2: Total Value Milk (OMR) | G2: Balance | H2: ID No: | I2: Account No | J2: Bank Name | K2: IFSC Code | L2: Phone No: | M2: Remark
A4: 1010 | B4: Ahmed Ajham Omar Aghrib AlShehri | C4: 1081.8 | D4: 0.25 | E4: =SUM(C4*D4) -> 270.45 | G4: =E4-F4 -> 270.45 | H4: 315313 | I4: 1006237426001 | J4: NBO | K4: NBOMOMRX | L4: 92600441
A5: 1038 | B5: Salem Ahmed Said Majdah AlKathiri | C5: 1778.2 | D5: 0.25 | E5: =SUM(C5*D5) -> 444.55 | G5: =E5-F5 -> 444.55 | H5: 5247837 | I5: 0406003267180024 | J5: BANK MUSCAT | K5: BMUSOMRX | L5: 99441537
A6: 1065 | B6: Ali Muhaisin Mohammed Humdi Al Saiari | C6: 539.7 | D6: 0.25 | E6: =SUM(C6*D6) -> 134.925 | G6: =E6-F6 -> 134.925 | H6: 1276058 | I6: 0397003789920017 | J6: BANK MUSCAT | K6: BMUSOMRX | L6: 99498549
A7: 1071 | B7: ALI MUSTAHIL MUBARAK ASAT AL SHIHRI | C7: 535.9 | D7: 0.25 | E7: =SUM(C7*D7) -> 133.975 | G7: =E7-F7 -> 133.975 | H7: 390741 | I7: 01010120857001 | J7: BANK DHOFAR | K7: BDOFOMRU | L7: 99589144
A8: 1086 | B8: Muslim Ali Said Hat AlShehri | C8: 1073.6 | D8: 0.25 | E8: =SUM(C8*D8) -> 268.4 | G8: =E8-F8 -> 268.4 | H8: 2379573 | I8: 01010281105001 | J8: BANK DHOFAR | K8: BDOFOMRU | L8: 92917899
A9: 1123 | B9: Hamid Mohammed Zidi Bait said | C9: 1165.1 | D9: 0.25 | E9: =SUM(C9*D9) -> 291.275 | G9: =E9-F9 -> 291.275 | H9: 655141 | I9: 250097615001 | J9: HSBC | K9: BBMEOMRX | L9: 99485623
A10: 1130 | B10: Hassan said jman alhalai | C10: 1021.2 | D10: 0.25 | E10: =SUM(C10*D10) -> 255.3 | G10: =E10-F10 -> 255.3 | H10: 5485645 | I10: 0401003274570034 | J10: BANK MUSCAT | K10: BMUSOMRX | L10: 90977488
A11: 1152 | B11: Mohammed Rajab Ali Al Mashikhi | C11: 1309.3 | D11: 0.25 | E11: =SUM(C11*D11) -> 327.325 | G11: =E11-F11 -> 327.325 | H11: 5254327 | I11: 01011435284001 | J11: BANK DHOFAR | K11: BDOFOMRU | L11: 99692328
A12: 1200 | B12: Muslim Ahmed Muslim AlKathiri | C12: 591.2 | D12: 0.25 | E12: =SUM(C12*D12) -> 147.8 | G12: =E12-F12 -> 147.8 | H12: 7287174 | I12: 01010853216001 | J12: BANK DHOFAR | K12: BDOFOMRU | L12: 99673747
A13: 1276 | B13: Masoud Salim Said Baitsaid | C13: 388.4 | D13: 0.25 | E13: =SUM(C13*D13) -> 97.1 | G13: =E13-F13 -> 97.1 | H13: 334495 | I13: 0397003857450019 | J13: BANK MUSCAT | K13: BMUSOMRX | L13: 99170505
A14: 1281 | B14: Salem Ali Masoud Baitsaid | C14: 1616.8 | D14: 0.25 | E14: =SUM(C14*D14) -> 404.2 | G14: =E14-F14 -> 404.2 | H14: 6310986 | I14: 0406003431390019 | J14: BANK MUSCAT | K14: BMUSOMRX | L14: 92922944
A15: 1308 | B15: Ahmed Said Mohammed Alash AlKathiri | C15: 541 | D15: 0.25 | E15: =SUM(C15*D15) -> 135.25 | G15: =E15-F15 -> 135.25 | H15: 6225641 | I15: 01010407288003 | J15: BANK DHOFAR | K15: BDOFOMRU | L15: 92055550
... A19: 1341 | B19: Mahad Suhail Mahad Baitsaid | C19: 1242 | D19: 0.25 | E19: =SUM(C19*D19) -> 310.5 | G19: =E19-F19 -> 310.5 | H19: 15977579 | I19: 0439003370920023 | J19: Bank Muscat | K19: BMUSOMRX | L19: 92578822
A20: 1342 | B20: Mohammed Ali Said Al Nubi Al Kathiri | C20: 537.6 | D20: 0.25 | E20: =SUM(C20*D20) -> 134.4 | G20: =E20-F20 -> 134.4 | H20: 13950469 | I20: 0406003373420026 | J20: Bank Muscat | K20: BMUSOMRX | L20: 92341118 | M20: updated
A21: 1343 | B21: Masoud Mahad Masoud Baitsaid | C21: 1066.3 | D21: 0.25 | E21: =SUM(C21*D21) -> 266.575 | G21: =E21-F21 -> 266.575 | H21: 5160297 | I21: 01013045567001 | J21: BANK DHOFAR | K21: BDOFOMRU | L21: 93501199
A22: 1345 | B22: Salim Said Ali Bait said | C22: 4294.3 | D22: 0.25 | E22: =SUM(C22*D22) -> 1073.575 | G22: =E22-F22 -> 1073.575 | H22: 10578952 | I22: 3109378368700 | J22: OAB | K22: OMABOMRU | L22: 92194382
A23: 1349 | B23: Muslim Suhail Salem Baitsaid | C23: 1930.7 | D23: 0.25 | E23: =SUM(C23*D23) -> 482.675 | G23: =E23-F23 -> 482.675 | H23: 7128679 | I23: 0406003474800016 | J23: BANK MUSCAT | K23: BMUSOMRX | L23: 91408836
A24: 1350 | B24: Ahmed Salem Zayed Baitsaid | C24: 3852.6 | D24: 0.25 | E24: =SUM(C24*D24) -> 963.15 | G24: =E24-F24 -> 963.15 | H24: 6752017 | I24: 0396003246310013 | J24: BANK MUSCAT | K24: BMUSOMRX | L24: 92520708
A25: 1353 | B25: Salem Amer Said Baitsaid | C25: 5400 | D25: 0.25 | E25: =SUM(C25*D25) -> 1350 | G25: =E25-F25 -> 1350 | H25: 5217694 | I25: 01011109062001 | J25: BANK DHOFAR | K25: BDOFOMRU | L25: 92749180
A26: 1355 | B26: Ahmed Zaidi Mahroos Baitsaid | C26: 1868 | D26: 0.25 | E26: =SUM(C26*D26) -> 467 | G26: =E26-F26 -> 467 | H26: 585058 | I26: 01010940683001 | J26: BANK DHOFAR | K26: BDOFOMRU | L26: 99055262
A27: 1356 | B27: Said Salem Said Asout AlShehri | C27: 1059.9 | D27: 0.25 | E27: =SUM(C27*D27) -> 264.975 | G27: =E27-F27 -> 264.975 | H27: 7494112 | I27: 0397050056020018 | J27: BANK MUSCAT | K27: BMUSOMRX | L27: 99488186
A28: 1362 | B28: Ali Masoud Salem Baitsaid | C28: 1953 | D28: 0.25 | E28: =SUM(C28*D28) -> 488.25 | G28: =E28-F28 -> 488.25 | H28: 2429041 | I28: 0397003875270017 | J28: BANK MUSCAT | K28: BMUSOMRX | L28: 93663694
A29: 1363 | B29: Suhail Ali Said AlKathiri | C29: 2251.4 | D29: 0.25 | E29: =SUM(C29*D29) -> 562.85 | G29: =E29-F29 -> 562.85 | H29: 322352 | I29: 0406003153460019 | J29: BANK MUSCAT | K29: BMUSOMRX | L29: 98842645
A30: 1364 | B30: Omar Bakhit Ahmed Al Hilali | C30: 540 | D30: 0.25 | E30: =SUM(C30*D30) -> 135 | G30: =E30-F30 -> 135 | H30: 7113811 | I30: 01010123044001 | J30: BANK DHOFAR | K30: BDOFOMRU | L30: 92969982
A31: 1366 | B31: Ahmed Salem Ali Kikab AlShehri | C31: 2102 | D31: 0.25 | E31: =SUM(C31*D31) -> 525.5 | G31: =E31-F31 -> 525.5 | H31: 8318385 | I31: 0406015165020012 | J31: BANK MUSCAT | K31: BMUSOMRX | L31: 90660210
A32: 1370 | B32: Mohammed Ali Nassib Kikab Al Shahri | C32: 1600.8 | D32: 0.25 | E32: =SUM(C32*D32) -> 400.2 | G32: =E32-F32 -> 400.2 | H32: 14431965 | I32: 0439003719840022 | J32: BANK MUSCAT | K32: BMUSOMRX | L32: 99693775
... A47: 1505 | B47: SALIM ALI MAHTOUQ AL SHIHRI | C47: 456.3 | D47: 0.25 | E47: =SUM(C47*D47) -> 114.075 | G47: =E47-F47 -> 114.075 | H47: 6668659 | I47: 0439015807570025 | J47: BANK MUSCAT | K47: BMUSOMRX | L47: 92142246
C48: =SUM(C4:C47) -> 57762.3 | D48: 0.25 | E48: =SUM(E4:E47) -> 14440.575 | F48: =SUM(F4:F47) -> 0 | G48: =SUM(G4:G47) -> 14440.575

Sheet Dec-25
A1: Milk Chilling Centre(Ghado) - Monthly Cow Milk Procurement Report 01-12-2025 TO 31-12-2025
A2: Farmer Code | B2: Farmer Name | C2: Total Quantity Supplied(Lits) | D2: Cow Milk Price/Lit(OMR) | E2: Total Value Milk (OMR) | G2: Balance | H2: ID No: | I2: Account No | J2: Bank Name | K2: IFSC Code | L2: Phone No: | M2: Remark
A4: 1010 | B4: Ahmed Ajham Omar Aghrib AlShehri | C4: 1343.3 | D4: 0.25 | E4: =SUM(C4*D4) -> 335.825 | G4: =E4-F4 -> 335.825 | H4: 315313 | I4: 1006237426001 | J4: NBO | K4: NBOMOMRX | L4: 92600441
A5: 1038 | B5: Salem Ahmed Said Majdah AlKathiri | C5: 2042.3 | D5: 0.25 | E5: =SUM(C5*D5) -> 510.575 | G5: =E5-F5 -> 510.575 | H5: 5247837 | I5: 0406003267180024 | J5: BANK MUSCAT | K5: BMUSOMRX | L5: 99441537
A6: 1065 | B6: Ali Muhaisin Mohammed Humdi Al Saiari | C6: 579 | D6: 0.25 | E6: =SUM(C6*D6) -> 144.75 | G6: =E6-F6 -> 144.75 | H6: 1276058 | I6: 0397003789920017 | J6: BANK MUSCAT | K6: BMUSOMRX | L6: 99498549
A7: 1071 | B7: ALI MUSTAHIL MUBARAK ASAT AL SHIHRI | C7: 616 | D7: 0.25 | E7: =SUM(C7*D7) -> 154 | G7: =E7-F7 -> 154 | H7: 390741 | I7: 01010120857001 | J7: BANK DHOFAR | K7: BDOFOMRU | L7: 99589144
A8: 1086 | B8: Muslim Ali Said Hat AlShehri | C8: 1213 | D8: 0.25 | E8: =SUM(C8*D8) -> 303.25 | G8: =E8-F8 -> 303.25 | H8: 2379573 | I8: 01010281105001 | J8: BANK DHOFAR | K8: BDOFOMRU | L8: 92917899
A9: 1123 | B9: Hamid Mohammed Zidi Bait said | C9: 1355.5 | D9: 0.25 | E9: =SUM(C9*D9) -> 338.875 | G9: =E9-F9 -> 338.875 | H9: 655141 | I9: 250097615001 | J9: HSBC | K9: BBMEOMRX | L9: 99485623
A10: 1130 | B10: Hassan said jman alhalai | C10: 1180 | D10: 0.25 | E10: =SUM(C10*D10) -> 295 | G10: =E10-F10 -> 295 | H10: 5485645 | I10: 0401003274570034 | J10: BANK MUSCAT | K10: BMUSOMRX | L10: 90977488
A11: 1152 | B11: Mohammed Rajab Ali Al Mashikhi | C11: 1287.5 | D11: 0.25 | E11: =SUM(C11*D11) -> 321.875 | G11: =E11-F11 -> 321.875 | H11: 5254327 | I11: 01011435284001 | J11: BANK DHOFAR | K11: BDOFOMRU | L11: 99692328
A12: 1200 | B12: Muslim Ahmed Muslim AlKathiri | C12: 518 | D12: 0.25 | E12: =SUM(C12*D12) -> 129.5 | G12: =E12-F12 -> 129.5 | H12: 7287174 | I12: 01010853216001 | J12: BANK DHOFAR | K12: BDOFOMRU | L12: 99673747
A13: 1276 | B13: Masoud Salim Said Baitsaid | C13: 418.9 | D13: 0.25 | E13: =SUM(C13*D13) -> 104.725 | G13: =E13-F13 -> 104.725 | H13: 334495 | I13: 0397003857450019 | J13: BANK MUSCAT | K13: BMUSOMRX | L13: 99170505
A14: 1281 | B14: Salem Ali Masoud Baitsaid | C14: 1855.7 | D14: 0.25 | E14: =SUM(C14*D14) -> 463.925 | G14: =E14-F14 -> 463.925 | H14: 6310986 | I14: 0406003431390019 | J14: BANK MUSCAT | K14: BMUSOMRX | L14: 92922944
A15: 1308 | B15: Ahmed Said Mohammed Alash AlKathiri | C15: 620 | D15: 0.25 | E15: =SUM(C15*D15) -> 155 | G15: =E15-F15 -> 155 | H15: 6225641 | I15: 01010407288003 | J15: BANK DHOFAR | K15: BDOFOMRU | L15: 92055550
... A19: 1341 | B19: Mahad Suhail Mahad Baitsaid | C19: 1432 | D19: 0.25 | E19: =SUM(C19*D19) -> 358 | G19: =E19-F19 -> 358 | H19: 15977579 | I19: 0439003370920023 | J19: Bank Muscat | K19: BMUSOMRX | L19: 92578822
A20: 1342 | B20: Mohammed Ali Said Al Nubi Al Kathiri | C20: 724.9 | D20: 0.25 | E20: =SUM(C20*D20) -> 181.225 | G20: =E20-F20 -> 181.225 | H20: 13950469 | I20: 0406003373420026 | J20: Bank Muscat | K20: BMUSOMRX | L20: 92341118 | M20: updated
A21: 1343 | B21: Masoud Mahad Masoud Baitsaid | C21: 1233.6 | D21: 0.25 | E21: =SUM(C21*D21) -> 308.4 | G21: =E21-F21 -> 308.4 | H21: 5160297 | I21: 01013045567001 | J21: BANK DHOFAR | K21: BDOFOMRU | L21: 93501199
A22: 1345 | B22: Salim Said Ali Bait said | C22: 4635.7 | D22: 0.25 | E22: =SUM(C22*D22) -> 1158.925 | G22: =E22-F22 -> 1158.925 | H22: 10578952 | I22: 3109378368700 | J22: OAB | K22: OMABOMRU | L22: 92194382
A23: 1349 | B23: Muslim Suhail Salem Baitsaid | C23: 2498.9 | D23: 0.25 | E23: =SUM(C23*D23) -> 624.725 | G23: =E23-F23 -> 624.725 | H23: 7128679 | I23: 0406003474800016 | J23: BANK MUSCAT | K23: BMUSOMRX | L23: 91408836
A24: 1350 | B24: Ahmed Salem Zayed Baitsaid | C24: 4483.9 | D24: 0.25 | E24: =SUM(C24*D24) -> 1120.975 | G24: =E24-F24 -> 1120.975 | H24: 6752017 | I24: 0396003246310013 | J24: BANK MUSCAT | K24: BMUSOMRX | L24: 92520708
A25: 1353 | B25: Salem Amer Said Baitsaid | C25: 8491.5 | D25: 0.25 | E25: =SUM(C25*D25) -> 2122.875 | G25: =E25-F25 -> 2122.875 | H25: 5217694 | I25: 01011109062001 | J25: BANK DHOFAR | K25: BDOFOMRU | L25: 92749180
A26: 1355 | B26: Ahmed Zaidi Mahroos Baitsaid | C26: 2497 | D26: 0.25 | E26: =SUM(C26*D26) -> 624.25 | G26: =E26-F26 -> 624.25 | H26: 585058 | I26: 01010940683001 | J26: BANK DHOFAR | K26: BDOFOMRU | L26: 99055262
A27: 1356 | B27: Said Salem Said Asout AlShehri | C27: 1016.3 | D27: 0.25 | E27: =SUM(C27*D27) -> 254.075 | G27: =E27-F27 -> 254.075 | H27: 7494112 | I27: 0397050056020018 | J27: BANK MUSCAT | K27: BMUSOMRX | L27: 99488186
A28: 1362 | B28: Ali Masoud Salem Baitsaid | C28: 2447.4 | D28: 0.25 | E28: =SUM(C28*D28) -> 611.85 | G28: =E28-F28 -> 611.85 | H28: 2429041 | I28: 0397003875270017 | J28: BANK MUSCAT | K28: BMUSOMRX | L28: 93663694
A29: 1363 | B29: Suhail Ali Said AlKathiri | C29: 2614.4 | D29: 0.25 | E29: =SUM(C29*D29) -> 653.6 | G29: =E29-F29 -> 653.6 | H29: 322352 | I29: 0406003153460019 | J29: BANK MUSCAT | K29: BMUSOMRX | L29: 98842645
A30: 1364 | B30: Omar Bakhit Ahmed Al Hilali | C30: 605 | D30: 0.25 | E30: =SUM(C30*D30) -> 151.25 | G30: =E30-F30 -> 151.25 | H30: 7113811 | I30: 01010123044001 | J30: BANK DHOFAR | K30: BDOFOMRU | L30: 92969982
A31: 1366 | B31: Ahmed Salem Ali Kikab AlShehri | C31: 2503.3 | D31: 0.25 | E31: =SUM(C31*D31) -> 625.825 | G31: =E31-F31 -> 625.825 | H31: 8318385 | I31: 0406015165020012 | J31: BANK MUSCAT | K31: BMUSOMRX | L31: 90660210
A32: 1370 | B32: Mohammed Ali Nassib Kikab Al Shahri | C32: 1859.7 | D32: 0.25 | E32: =SUM(C32*D32) -> 464.925 | G32: =E32-F32 -> 464.925 | H32: 14431965 | I32: 0439003719840022 | J32: BANK MUSCAT | K32: BMUSOMRX | L32: 99693775
... A47: 1505 | B47: SALIM ALI MAHTOUQ AL SHIHRI | C47: 535.3 | D47: 0.25 | E47: =SUM(C47*D47) -> 133.825 | G47: =E47-F47 -> 133.825 | H47: 6668659 | I47: 0439015807570025 | J47: BANK MUSCAT | K47: BMUSOMRX | L47: 92142246
C48: =SUM(C4:C47) -> 67195.8 | D48: 0.25 | E48: =SUM(E4:E47) -> 16798.95 | F48: =SUM(F4:F47) -> 0 | G48: =SUM(G4:G47) -> 16798.95

Sheet ONLD price
A2: أسعار الاعلاف
A3: أسم المنتج | B3: الوزن بالكيلوا | C3: القيمه بالريال العماني | D3: تخفيض | E3: السعر بعد التخفيض
A4: مراعي ظفار | B4: 50 | C4: 6.45 | D4: 0.4 | E4: 6.05
A5: مراعي ظفار | B5: 40 | C5: 5.16 | D5: 0.4 | E5: 4.76
A6: العلف الكامل | B6: 40 | C6: 5 | D6: 0.4 | E6: 4.6
A7: التسمين السريع | B7: 50 | C7: 7.1 | D7: 0.5 | E7: 6.6
A8: التسمين السريع | B8: 40 | C8: 5.7 | D8: 0.5 | E8: 5.2
A9: علف ادرار الحليب | B9: 50 | C9: 7.6 | D9: 0.5 | E9: 7.1
